port_id,port_name,country,role,lat,lon,authority,authority_type,approach_channel_depth_m,tidal_range_m,seasonal_notes,source_url,retrieved_at,licence,verification
INPRT,Paradip,IN,discharge,20.265400,86.676300,Paradip Port Authority,major_port,18.70,2.80,"Post-monsoon cyclone window Oct-Dec; SW monsoon swell Jun-Sep",https://paradipport.gov.in/,2026-09-10,gov_open,manually_verified
INVTZ,Visakhapatnam,IN,discharge,17.686800,83.218500,Visakhapatnam Port Authority,major_port,18.00,1.60,"Inner harbour draft limited; outer harbour takes Capesize",https://www.vizagport.com/,2026-09-10,gov_open,manually_verified
INGGV,Gangavaram,IN,discharge,17.616000,83.230000,Gangavaram Port Ltd (Adani),private_port,21.00,1.60,"Deepest draft on East Coast; all-weather",https://www.adaniports.com/Ports-and-Terminals/gangavaram-port,2026-09-10,operator_page,partially_verified
INGPR,Gopalpur,IN,discharge,19.263000,84.916000,Gopalpur Ports Ltd (Adani),private_port,9.50,1.50,"Open roadstead; monsoon closure Jun-Sep historically",https://www.adaniports.com/Ports-and-Terminals/gopalpur-port,2026-09-10,operator_page,partially_verified
INDHA,Dhamra,IN,discharge,20.783000,86.983000,Dhamra Port Company Ltd (Adani),private_port,18.50,3.00,"All-weather deep draft; Capesize capable",https://www.adaniports.com/Ports-and-Terminals/dhamra-port,2026-09-10,operator_page,partially_verified
INHAL,Haldia,IN,discharge,22.033000,88.100000,Syama Prasad Mookerjee Port Kolkata,major_port,8.50,4.50,"River/lock port; fog-season and night-tide draft restrictions Dec-Feb; lighterage at Sandheads",https://www.smportkolkata.shipping.gov.in/,2026-09-10,gov_open,manually_verified
INSGD,Sagar / Sandheads,IN,discharge,21.100000,88.100000,Syama Prasad Mookerjee Port Kolkata,anchorage,20.00,4.50,"Anchorage lighterage station ~125 km seaward of Haldia; floating cranes",https://www.smportkolkata.shipping.gov.in/,2026-09-10,gov_open,partially_verified
AUHPT,Hay Point,AU,load,-21.276000,149.303000,North Queensland Bulk Ports,operator,19.40,3.40,"Cyclone season Nov-Apr",https://nqbp.com.au/,2026-09-10,operator_page,partially_verified
AUGLT,Gladstone,AU,load,-23.840000,151.255000,Gladstone Ports Corporation,operator,16.10,3.50,"",https://www.gpcl.com.au/,2026-09-10,operator_page,partially_verified
IDTBA,Taboneo,ID,load,-3.700000,114.450000,Indonesia anchorage,anchorage,16.00,1.80,"Transhipment anchorage; barge-fed loading",https://www.worldportsource.com/,2026-09-10,reference,unverified
ZARBY,Richards Bay,ZA,load,-28.797000,32.038000,Transnet National Ports Authority,operator,17.50,1.80,"",https://www.transnetnationalportsauthority.net/,2026-09-10,operator_page,partially_verified
USHAM,Hampton Roads,US,load,36.900000,-76.330000,Virginia Port Authority,operator,15.20,0.80,"Coking coal origin for East Coast India",https://www.portofvirginia.com/,2026-09-10,operator_page,unverified
MZBEW,Beira,MZ,load,-19.830000,34.840000,Cornelder de Mocambique,operator,8.00,6.40,"Shallow channel; Handysize/Supramax only",https://www.cornelder.co.mz/,2026-09-10,operator_page,unverified
RUVVO,Vostochny,RU,load,42.740000,132.870000,Port of Vostochny,operator,16.50,0.50,"Sanctions-exposed origin - flagged in route risk",https://www.vostport.ru/,2026-09-10,reference,unverified
