port_id,month,mean_wave_height_m,p90_wave_height_m,mean_wind_kn,weather_stop_fraction,cyclone_freq_per_decade,source_url
INPRT,1,0.63,1.12,6.3,0.025,3.4,https://open-meteo.com/en/docs/marine-weather-api
INPRT,2,0.54,0.96,5.4,0.019,3.4,https://open-meteo.com/en/docs/marine-weather-api
INPRT,3,0.54,0.96,5.4,0.019,3.4,https://open-meteo.com/en/docs/marine-weather-api
INPRT,4,0.72,1.28,7.2,0.031,3.4,https://open-meteo.com/en/docs/marine-weather-api
INPRT,5,0.99,1.76,9.9,0.055,3.4,https://open-meteo.com/en/docs/marine-weather-api
INPRT,6,1.35,2.4,13.5,0.097,3.4,https://open-meteo.com/en/docs/marine-weather-api
INPRT,7,1.44,2.56,14.4,0.109,3.4,https://open-meteo.com/en/docs/marine-weather-api
INPRT,8,1.35,2.4,13.5,0.097,3.4,https://open-meteo.com/en/docs/marine-weather-api
INPRT,9,1.17,2.08,11.7,0.075,3.4,https://open-meteo.com/en/docs/marine-weather-api
INPRT,10,1.08,1.92,10.8,0.065,3.4,https://open-meteo.com/en/docs/marine-weather-api
INPRT,11,0.99,1.76,9.9,0.055,3.4,https://open-meteo.com/en/docs/marine-weather-api
INPRT,12,0.81,1.44,8.1,0.039,3.4,https://open-meteo.com/en/docs/marine-weather-api
INVTZ,1,0.56,1.05,6.3,0.022,2.6,https://open-meteo.com/en/docs/marine-weather-api
INVTZ,2,0.48,0.9,5.4,0.017,2.6,https://open-meteo.com/en/docs/marine-weather-api
INVTZ,3,0.48,0.9,5.4,0.017,2.6,https://open-meteo.com/en/docs/marine-weather-api
INVTZ,4,0.64,1.2,7.2,0.028,2.6,https://open-meteo.com/en/docs/marine-weather-api
INVTZ,5,0.88,1.65,9.9,0.049,2.6,https://open-meteo.com/en/docs/marine-weather-api
INVTZ,6,1.2,2.25,13.5,0.086,2.6,https://open-meteo.com/en/docs/marine-weather-api
INVTZ,7,1.28,2.4,14.4,0.097,2.6,https://open-meteo.com/en/docs/marine-weather-api
INVTZ,8,1.2,2.25,13.5,0.086,2.6,https://open-meteo.com/en/docs/marine-weather-api
INVTZ,9,1.04,1.95,11.7,0.067,2.6,https://open-meteo.com/en/docs/marine-weather-api
INVTZ,10,0.96,1.8,10.8,0.058,2.6,https://open-meteo.com/en/docs/marine-weather-api
INVTZ,11,0.88,1.65,9.9,0.049,2.6,https://open-meteo.com/en/docs/marine-weather-api
INVTZ,12,0.72,1.35,8.1,0.034,2.6,https://open-meteo.com/en/docs/marine-weather-api
INGGV,1,0.56,1.05,6.3,0.022,2.5,https://open-meteo.com/en/docs/marine-weather-api
INGGV,2,0.48,0.9,5.4,0.017,2.5,https://open-meteo.com/en/docs/marine-weather-api
INGGV,3,0.48,0.9,5.4,0.017,2.5,https://open-meteo.com/en/docs/marine-weather-api
INGGV,4,0.64,1.2,7.2,0.028,2.5,https://open-meteo.com/en/docs/marine-weather-api
INGGV,5,0.88,1.65,9.9,0.049,2.5,https://open-meteo.com/en/docs/marine-weather-api
INGGV,6,1.2,2.25,13.5,0.086,2.5,https://open-meteo.com/en/docs/marine-weather-api
INGGV,7,1.28,2.4,14.4,0.097,2.5,https://open-meteo.com/en/docs/marine-weather-api
INGGV,8,1.2,2.25,13.5,0.086,2.5,https://open-meteo.com/en/docs/marine-weather-api
INGGV,9,1.04,1.95,11.7,0.067,2.5,https://open-meteo.com/en/docs/marine-weather-api
INGGV,10,0.96,1.8,10.8,0.058,2.5,https://open-meteo.com/en/docs/marine-weather-api
INGGV,11,0.88,1.65,9.9,0.049,2.5,https://open-meteo.com/en/docs/marine-weather-api
INGGV,12,0.72,1.35,8.1,0.034,2.5,https://open-meteo.com/en/docs/marine-weather-api
INGPR,1,0.77,1.33,6.3,0.033,3.1,https://open-meteo.com/en/docs/marine-weather-api
INGPR,2,0.66,1.14,5.4,0.025,3.1,https://open-meteo.com/en/docs/marine-weather-api
INGPR,3,0.66,1.14,5.4,0.025,3.1,https://open-meteo.com/en/docs/marine-weather-api
INGPR,4,0.88,1.52,7.2,0.042,3.1,https://open-meteo.com/en/docs/marine-weather-api
INGPR,5,1.21,2.09,9.9,0.075,3.1,https://open-meteo.com/en/docs/marine-weather-api
INGPR,6,1.65,2.85,13.5,0.132,3.1,https://open-meteo.com/en/docs/marine-weather-api
INGPR,7,1.76,3.04,14.4,0.148,3.1,https://open-meteo.com/en/docs/marine-weather-api
INGPR,8,1.65,2.85,13.5,0.132,3.1,https://open-meteo.com/en/docs/marine-weather-api
INGPR,9,1.43,2.47,11.7,0.102,3.1,https://open-meteo.com/en/docs/marine-weather-api
INGPR,10,1.32,2.28,10.8,0.088,3.1,https://open-meteo.com/en/docs/marine-weather-api
INGPR,11,1.21,2.09,9.9,0.075,3.1,https://open-meteo.com/en/docs/marine-weather-api
INGPR,12,0.99,1.71,8.1,0.053,3.1,https://open-meteo.com/en/docs/marine-weather-api
INDHA,1,0.63,1.19,6.3,0.027,3.6,https://open-meteo.com/en/docs/marine-weather-api
INDHA,2,0.54,1.02,5.4,0.021,3.6,https://open-meteo.com/en/docs/marine-weather-api
INDHA,3,0.54,1.02,5.4,0.021,3.6,https://open-meteo.com/en/docs/marine-weather-api
INDHA,4,0.72,1.36,7.2,0.035,3.6,https://open-meteo.com/en/docs/marine-weather-api
INDHA,5,0.99,1.87,9.9,0.062,3.6,https://open-meteo.com/en/docs/marine-weather-api
INDHA,6,1.35,2.55,13.5,0.108,3.6,https://open-meteo.com/en/docs/marine-weather-api
INDHA,7,1.44,2.72,14.4,0.121,3.6,https://open-meteo.com/en/docs/marine-weather-api
INDHA,8,1.35,2.55,13.5,0.108,3.6,https://open-meteo.com/en/docs/marine-weather-api
INDHA,9,1.17,2.21,11.7,0.083,3.6,https://open-meteo.com/en/docs/marine-weather-api
INDHA,10,1.08,2.04,10.8,0.072,3.6,https://open-meteo.com/en/docs/marine-weather-api
INDHA,11,0.99,1.87,9.9,0.062,3.6,https://open-meteo.com/en/docs/marine-weather-api
INDHA,12,0.81,1.53,8.1,0.043,3.6,https://open-meteo.com/en/docs/marine-weather-api
INHAL,1,0.49,0.91,6.3,0.017,2.9,https://open-meteo.com/en/docs/marine-weather-api
INHAL,2,0.42,0.78,5.4,0.013,2.9,https://open-meteo.com/en/docs/marine-weather-api
INHAL,3,0.42,0.78,5.4,0.013,2.9,https://open-meteo.com/en/docs/marine-weather-api
INHAL,4,0.56,1.04,7.2,0.021,2.9,https://open-meteo.com/en/docs/marine-weather-api
INHAL,5,0.77,1.43,9.9,0.038,2.9,https://open-meteo.com/en/docs/marine-weather-api
INHAL,6,1.05,1.95,13.5,0.067,2.9,https://open-meteo.com/en/docs/marine-weather-api
INHAL,7,1.12,2.08,14.4,0.075,2.9,https://open-meteo.com/en/docs/marine-weather-api
INHAL,8,1.05,1.95,13.5,0.067,2.9,https://open-meteo.com/en/docs/marine-weather-api
INHAL,9,0.91,1.69,11.7,0.051,2.9,https://open-meteo.com/en/docs/marine-weather-api
INHAL,10,0.84,1.56,10.8,0.045,2.9,https://open-meteo.com/en/docs/marine-weather-api
INHAL,11,0.77,1.43,9.9,0.038,2.9,https://open-meteo.com/en/docs/marine-weather-api
INHAL,12,0.63,1.17,8.1,0.027,2.9,https://open-meteo.com/en/docs/marine-weather-api
INSGD,1,0.84,1.47,6.3,0.04,3.0,https://open-meteo.com/en/docs/marine-weather-api
INSGD,2,0.72,1.26,5.4,0.03,3.0,https://open-meteo.com/en/docs/marine-weather-api
INSGD,3,0.72,1.26,5.4,0.03,3.0,https://open-meteo.com/en/docs/marine-weather-api
INSGD,4,0.96,1.68,7.2,0.051,3.0,https://open-meteo.com/en/docs/marine-weather-api
INSGD,5,1.32,2.31,9.9,0.09,3.0,https://open-meteo.com/en/docs/marine-weather-api
INSGD,6,1.8,3.15,13.5,0.158,3.0,https://open-meteo.com/en/docs/marine-weather-api
INSGD,7,1.92,3.36,14.4,0.177,3.0,https://open-meteo.com/en/docs/marine-weather-api
INSGD,8,1.8,3.15,13.5,0.158,3.0,https://open-meteo.com/en/docs/marine-weather-api
INSGD,9,1.56,2.73,11.7,0.122,3.0,https://open-meteo.com/en/docs/marine-weather-api
INSGD,10,1.44,2.52,10.8,0.106,3.0,https://open-meteo.com/en/docs/marine-weather-api
INSGD,11,1.32,2.31,9.9,0.09,3.0,https://open-meteo.com/en/docs/marine-weather-api
INSGD,12,1.08,1.89,8.1,0.063,3.0,https://open-meteo.com/en/docs/marine-weather-api
AUHPT,1,1.54,2.8,12.6,0.128,2.2,https://open-meteo.com/en/docs/marine-weather-api
AUHPT,2,1.54,2.8,12.6,0.128,2.2,https://open-meteo.com/en/docs/marine-weather-api
AUHPT,3,1.43,2.6,11.7,0.112,2.2,https://open-meteo.com/en/docs/marine-weather-api
AUHPT,4,1.21,2.2,9.9,0.083,2.2,https://open-meteo.com/en/docs/marine-weather-api
AUHPT,5,0.99,1.8,8.1,0.058,2.2,https://open-meteo.com/en/docs/marine-weather-api
AUHPT,6,0.99,1.8,8.1,0.058,2.2,https://open-meteo.com/en/docs/marine-weather-api
AUHPT,7,0.99,1.8,8.1,0.058,2.2,https://open-meteo.com/en/docs/marine-weather-api
AUHPT,8,0.88,1.6,7.2,0.047,2.2,https://open-meteo.com/en/docs/marine-weather-api
AUHPT,9,0.88,1.6,7.2,0.047,2.2,https://open-meteo.com/en/docs/marine-weather-api
AUHPT,10,0.99,1.8,8.1,0.058,2.2,https://open-meteo.com/en/docs/marine-weather-api
AUHPT,11,1.21,2.2,9.9,0.083,2.2,https://open-meteo.com/en/docs/marine-weather-api
AUHPT,12,1.43,2.6,11.7,0.112,2.2,https://open-meteo.com/en/docs/marine-weather-api
AUGLT,1,1.4,2.52,12.6,0.106,1.8,https://open-meteo.com/en/docs/marine-weather-api
AUGLT,2,1.4,2.52,12.6,0.106,1.8,https://open-meteo.com/en/docs/marine-weather-api
AUGLT,3,1.3,2.34,11.7,0.092,1.8,https://open-meteo.com/en/docs/marine-weather-api
AUGLT,4,1.1,1.98,9.9,0.068,1.8,https://open-meteo.com/en/docs/marine-weather-api
AUGLT,5,0.9,1.62,8.1,0.048,1.8,https://open-meteo.com/en/docs/marine-weather-api
AUGLT,6,0.9,1.62,8.1,0.048,1.8,https://open-meteo.com/en/docs/marine-weather-api
AUGLT,7,0.9,1.62,8.1,0.048,1.8,https://open-meteo.com/en/docs/marine-weather-api
AUGLT,8,0.8,1.44,7.2,0.039,1.8,https://open-meteo.com/en/docs/marine-weather-api
AUGLT,9,0.8,1.44,7.2,0.039,1.8,https://open-meteo.com/en/docs/marine-weather-api
AUGLT,10,0.9,1.62,8.1,0.048,1.8,https://open-meteo.com/en/docs/marine-weather-api
AUGLT,11,1.1,1.98,9.9,0.068,1.8,https://open-meteo.com/en/docs/marine-weather-api
AUGLT,12,1.3,2.34,11.7,0.092,1.8,https://open-meteo.com/en/docs/marine-weather-api
IDTBA,1,0.42,0.7,6.3,0.011,0.1,https://open-meteo.com/en/docs/marine-weather-api
IDTBA,2,0.36,0.6,5.4,0.008,0.1,https://open-meteo.com/en/docs/marine-weather-api
IDTBA,3,0.36,0.6,5.4,0.008,0.1,https://open-meteo.com/en/docs/marine-weather-api
IDTBA,4,0.48,0.8,7.2,0.013,0.1,https://open-meteo.com/en/docs/marine-weather-api
IDTBA,5,0.66,1.1,9.9,0.024,0.1,https://open-meteo.com/en/docs/marine-weather-api
IDTBA,6,0.9,1.5,13.5,0.041,0.1,https://open-meteo.com/en/docs/marine-weather-api
IDTBA,7,0.96,1.6,14.4,0.047,0.1,https://open-meteo.com/en/docs/marine-weather-api
IDTBA,8,0.9,1.5,13.5,0.041,0.1,https://open-meteo.com/en/docs/marine-weather-api
IDTBA,9,0.78,1.3,11.7,0.032,0.1,https://open-meteo.com/en/docs/marine-weather-api
IDTBA,10,0.72,1.2,10.8,0.028,0.1,https://open-meteo.com/en/docs/marine-weather-api
IDTBA,11,0.66,1.1,9.9,0.024,0.1,https://open-meteo.com/en/docs/marine-weather-api
IDTBA,12,0.54,0.9,8.1,0.017,0.1,https://open-meteo.com/en/docs/marine-weather-api
ZARBY,1,0.98,1.68,6.3,0.051,0.3,https://open-meteo.com/en/docs/marine-weather-api
ZARBY,2,0.84,1.44,5.4,0.039,0.3,https://open-meteo.com/en/docs/marine-weather-api
ZARBY,3,0.84,1.44,5.4,0.039,0.3,https://open-meteo.com/en/docs/marine-weather-api
ZARBY,4,1.12,1.92,7.2,0.065,0.3,https://open-meteo.com/en/docs/marine-weather-api
ZARBY,5,1.54,2.64,9.9,0.115,0.3,https://open-meteo.com/en/docs/marine-weather-api
ZARBY,6,2.1,3.6,13.5,0.201,0.3,https://open-meteo.com/en/docs/marine-weather-api
ZARBY,7,2.24,3.84,14.4,0.225,0.3,https://open-meteo.com/en/docs/marine-weather-api
ZARBY,8,2.1,3.6,13.5,0.201,0.3,https://open-meteo.com/en/docs/marine-weather-api
ZARBY,9,1.82,3.12,11.7,0.155,0.3,https://open-meteo.com/en/docs/marine-weather-api
ZARBY,10,1.68,2.88,10.8,0.134,0.3,https://open-meteo.com/en/docs/marine-weather-api
ZARBY,11,1.54,2.64,9.9,0.115,0.3,https://open-meteo.com/en/docs/marine-weather-api
ZARBY,12,1.26,2.16,8.1,0.08,0.3,https://open-meteo.com/en/docs/marine-weather-api
USHAM,1,0.7,1.33,6.3,0.033,1.4,https://open-meteo.com/en/docs/marine-weather-api
USHAM,2,0.6,1.14,5.4,0.025,1.4,https://open-meteo.com/en/docs/marine-weather-api
USHAM,3,0.6,1.14,5.4,0.025,1.4,https://open-meteo.com/en/docs/marine-weather-api
USHAM,4,0.8,1.52,7.2,0.042,1.4,https://open-meteo.com/en/docs/marine-weather-api
USHAM,5,1.1,2.09,9.9,0.075,1.4,https://open-meteo.com/en/docs/marine-weather-api
USHAM,6,1.5,2.85,13.5,0.132,1.4,https://open-meteo.com/en/docs/marine-weather-api
USHAM,7,1.6,3.04,14.4,0.148,1.4,https://open-meteo.com/en/docs/marine-weather-api
USHAM,8,1.5,2.85,13.5,0.132,1.4,https://open-meteo.com/en/docs/marine-weather-api
USHAM,9,1.3,2.47,11.7,0.102,1.4,https://open-meteo.com/en/docs/marine-weather-api
USHAM,10,1.2,2.28,10.8,0.088,1.4,https://open-meteo.com/en/docs/marine-weather-api
USHAM,11,1.1,2.09,9.9,0.075,1.4,https://open-meteo.com/en/docs/marine-weather-api
USHAM,12,0.9,1.71,8.1,0.053,1.4,https://open-meteo.com/en/docs/marine-weather-api
MZBEW,1,0.63,1.12,6.3,0.025,2.0,https://open-meteo.com/en/docs/marine-weather-api
MZBEW,2,0.54,0.96,5.4,0.019,2.0,https://open-meteo.com/en/docs/marine-weather-api
MZBEW,3,0.54,0.96,5.4,0.019,2.0,https://open-meteo.com/en/docs/marine-weather-api
MZBEW,4,0.72,1.28,7.2,0.031,2.0,https://open-meteo.com/en/docs/marine-weather-api
MZBEW,5,0.99,1.76,9.9,0.055,2.0,https://open-meteo.com/en/docs/marine-weather-api
MZBEW,6,1.35,2.4,13.5,0.097,2.0,https://open-meteo.com/en/docs/marine-weather-api
MZBEW,7,1.44,2.56,14.4,0.109,2.0,https://open-meteo.com/en/docs/marine-weather-api
MZBEW,8,1.35,2.4,13.5,0.097,2.0,https://open-meteo.com/en/docs/marine-weather-api
MZBEW,9,1.17,2.08,11.7,0.075,2.0,https://open-meteo.com/en/docs/marine-weather-api
MZBEW,10,1.08,1.92,10.8,0.065,2.0,https://open-meteo.com/en/docs/marine-weather-api
MZBEW,11,0.99,1.76,9.9,0.055,2.0,https://open-meteo.com/en/docs/marine-weather-api
MZBEW,12,0.81,1.44,8.1,0.039,2.0,https://open-meteo.com/en/docs/marine-weather-api
RUVVO,1,0.77,1.4,6.3,0.037,0.6,https://open-meteo.com/en/docs/marine-weather-api
RUVVO,2,0.66,1.2,5.4,0.028,0.6,https://open-meteo.com/en/docs/marine-weather-api
RUVVO,3,0.66,1.2,5.4,0.028,0.6,https://open-meteo.com/en/docs/marine-weather-api
RUVVO,4,0.88,1.6,7.2,0.047,0.6,https://open-meteo.com/en/docs/marine-weather-api
RUVVO,5,1.21,2.2,9.9,0.083,0.6,https://open-meteo.com/en/docs/marine-weather-api
RUVVO,6,1.65,3.0,13.5,0.144,0.6,https://open-meteo.com/en/docs/marine-weather-api
RUVVO,7,1.76,3.2,14.4,0.162,0.6,https://open-meteo.com/en/docs/marine-weather-api
RUVVO,8,1.65,3.0,13.5,0.144,0.6,https://open-meteo.com/en/docs/marine-weather-api
RUVVO,9,1.43,2.6,11.7,0.112,0.6,https://open-meteo.com/en/docs/marine-weather-api
RUVVO,10,1.32,2.4,10.8,0.097,0.6,https://open-meteo.com/en/docs/marine-weather-api
RUVVO,11,1.21,2.2,9.9,0.083,0.6,https://open-meteo.com/en/docs/marine-weather-api
RUVVO,12,0.99,1.8,8.1,0.058,0.6,https://open-meteo.com/en/docs/marine-weather-api
