port_id,charge_type,basis,slab_min,slab_max,rate_foreign_usd,rate_coastal_inr,min_charge_usd,notes,effective_from,effective_to,source_url,verification
INPRT,port_dues,per_grt,0,,0.31000,,0,"Per GRT per entry",2024-04-01,,https://paradipport.gov.in/scale-of-rates,manually_verified
INPRT,pilotage,per_grt,0,30000,0.28000,,1200,"Slab 1",2024-04-01,,https://paradipport.gov.in/scale-of-rates,manually_verified
INPRT,pilotage,per_grt,30000,,0.22000,,1200,"Slab 2",2024-04-01,,https://paradipport.gov.in/scale-of-rates,manually_verified
INPRT,berth_hire,per_grt_hour,0,,0.00420,,0,"Per GRT per hour alongside",2024-04-01,,https://paradipport.gov.in/scale-of-rates,manually_verified
INPRT,wharfage,per_tonne,0,,0.52000,,0,"Dry bulk coal",2024-04-01,,https://paradipport.gov.in/scale-of-rates,manually_verified
INVTZ,port_dues,per_grt,0,,0.33000,,0,"",2024-04-01,,https://www.vizagport.com/scale-of-rates,partially_verified
INVTZ,pilotage,per_grt,0,,0.26000,,1200,"",2024-04-01,,https://www.vizagport.com/scale-of-rates,partially_verified
INVTZ,berth_hire,per_grt_hour,0,,0.00450,,0,"",2024-04-01,,https://www.vizagport.com/scale-of-rates,partially_verified
INVTZ,wharfage,per_tonne,0,,0.56000,,0,"",2024-04-01,,https://www.vizagport.com/scale-of-rates,partially_verified
INGGV,port_dues,per_grt,0,,0.36000,,0,"Operator tariff - limited disclosure; estimated",2024-04-01,,https://www.adaniports.com/,estimated
INGGV,pilotage,per_grt,0,,0.29000,,1500,"Estimated",2024-04-01,,https://www.adaniports.com/,estimated
INGGV,berth_hire,per_grt_hour,0,,0.00500,,0,"Estimated",2024-04-01,,https://www.adaniports.com/,estimated
INGGV,wharfage,per_tonne,0,,0.62000,,0,"Estimated",2024-04-01,,https://www.adaniports.com/,estimated
INDHA,port_dues,per_grt,0,,0.35000,,0,"Estimated",2024-04-01,,https://www.adaniports.com/,estimated
INDHA,pilotage,per_grt,0,,0.28000,,1500,"Estimated",2024-04-01,,https://www.adaniports.com/,estimated
INDHA,berth_hire,per_grt_hour,0,,0.00490,,0,"Estimated",2024-04-01,,https://www.adaniports.com/,estimated
INDHA,wharfage,per_tonne,0,,0.60000,,0,"Estimated",2024-04-01,,https://www.adaniports.com/,estimated
INGPR,port_dues,per_grt,0,,0.34000,,0,"Estimated",2024-04-01,,https://www.adaniports.com/,estimated
INGPR,pilotage,per_grt,0,,0.30000,,1500,"Estimated",2024-04-01,,https://www.adaniports.com/,estimated
INGPR,berth_hire,per_grt_hour,0,,0.00480,,0,"Estimated",2024-04-01,,https://www.adaniports.com/,estimated
INGPR,wharfage,per_tonne,0,,0.64000,,0,"Estimated",2024-04-01,,https://www.adaniports.com/,estimated
INHAL,port_dues,per_grt,0,,0.38000,,0,"River pilotage heavy",2024-04-01,,https://www.smportkolkata.shipping.gov.in/scale-of-rates,partially_verified
INHAL,pilotage,per_grt,0,,0.62000,,2500,"Long river pilotage Sandheads-Haldia",2024-04-01,,https://www.smportkolkata.shipping.gov.in/scale-of-rates,partially_verified
INHAL,berth_hire,per_grt_hour,0,,0.00460,,0,"",2024-04-01,,https://www.smportkolkata.shipping.gov.in/scale-of-rates,partially_verified
INHAL,wharfage,per_tonne,0,,0.58000,,0,"",2024-04-01,,https://www.smportkolkata.shipping.gov.in/scale-of-rates,partially_verified
INSGD,anchorage,per_grt_hour,0,,0.00120,,0,"Sandheads anchorage",2024-04-01,,https://www.smportkolkata.shipping.gov.in/scale-of-rates,partially_verified
INSGD,lighterage,per_tonne,0,,4.80000,,0,"Floating crane transhipment per tonne lightened",2024-04-01,,https://www.smportkolkata.shipping.gov.in/scale-of-rates,estimated
AUHPT,port_dues,per_grt,0,,0.29000,,0,"Estimated load-port dues",2024-04-01,,https://nqbp.com.au/,estimated
AUHPT,pilotage,per_grt,0,,0.21000,,1400,"Estimated",2024-04-01,,https://nqbp.com.au/,estimated
AUGLT,port_dues,per_grt,0,,0.30000,,0,"Estimated",2024-04-01,,https://www.gpcl.com.au/,estimated
AUGLT,pilotage,per_grt,0,,0.22000,,1400,"Estimated",2024-04-01,,https://www.gpcl.com.au/,estimated
IDTBA,port_dues,per_grt,0,,0.18000,,0,"Anchorage - estimated",2024-04-01,,https://www.worldportsource.com/,estimated
IDTBA,pilotage,per_grt,0,,0.12000,,800,"Estimated",2024-04-01,,https://www.worldportsource.com/,estimated
ZARBY,port_dues,per_grt,0,,0.27000,,0,"Estimated",2024-04-01,,https://www.transnetnationalportsauthority.net/,estimated
ZARBY,pilotage,per_grt,0,,0.20000,,1300,"Estimated",2024-04-01,,https://www.transnetnationalportsauthority.net/,estimated
USHAM,port_dues,per_grt,0,,0.32000,,0,"Estimated",2024-04-01,,https://www.portofvirginia.com/,estimated
USHAM,pilotage,per_grt,0,,0.25000,,1600,"Estimated",2024-04-01,,https://www.portofvirginia.com/,estimated
MZBEW,port_dues,per_grt,0,,0.26000,,0,"Estimated",2024-04-01,,https://www.cornelder.co.mz/,estimated
MZBEW,pilotage,per_grt,0,,0.24000,,1200,"Estimated",2024-04-01,,https://www.cornelder.co.mz/,estimated
RUVVO,port_dues,per_grt,0,,0.30000,,0,"Estimated",2024-04-01,,https://www.vostport.ru/,estimated
RUVVO,pilotage,per_grt,0,,0.23000,,1300,"Estimated",2024-04-01,,https://www.vostport.ru/,estimated
