berth_id,port_id,berth_name,cargo_types,max_loa_m,min_loa_m,max_beam_m,max_draft_m,tide_allowance_m,max_dwt,berth_length_m,handling_rate_tpd,mechanised,daylight_only,coupling_constraint,status,effective_from,effective_to,source_url,retrieved_at,verification
INPRT-CB1,INPRT,Coal Berth-01,thermal_coal|coking_coal,300,120,48,14.50,0.50,110000,350,32000,true,false,"Subject to Iron Ore Berth being vacant",operational,2024-04-01,,https://paradipport.gov.in/marine-department,2026-09-10,manually_verified
INPRT-CB2,INPRT,Coal Berth-02,thermal_coal|coking_coal,290,120,45,13.80,0.50,95000,320,28000,true,false,,operational,2024-04-01,,https://paradipport.gov.in/marine-department,2026-09-10,manually_verified
INPRT-WD1,INPRT,Western Dock Berth-1,coking_coal|iron_ore,330,180,55,16.50,0.60,210000,380,45000,true,false,,operational,2026-09-01,,https://paradipport.gov.in/marine-department,2026-09-10,manually_verified
INPRT-IOB,INPRT,Iron Ore Berth,iron_ore,300,150,50,15.00,0.50,120000,350,40000,true,false,,operational,2024-04-01,,https://paradipport.gov.in/marine-department,2026-09-10,manually_verified
INVTZ-OH1,INVTZ,Outer Harbour OB-1,iron_ore|coking_coal,300,150,50,16.10,0.50,180000,350,38000,true,false,,operational,2024-04-01,,https://www.vizagport.com/berth-facilities,2026-09-10,manually_verified
INVTZ-WQ7,INVTZ,Inner Harbour WQ-7,thermal_coal|coking_coal,230,110,33,10.70,0.40,75000,240,18000,true,false,"Inner harbour channel draft restriction",operational,2024-04-01,,https://www.vizagport.com/berth-facilities,2026-09-10,manually_verified
INVTZ-EQ1,INVTZ,Inner Harbour EQ-1,thermal_coal,215,110,32,10.20,0.40,70000,230,15000,false,false,,operational,2024-04-01,,https://www.vizagport.com/berth-facilities,2026-09-10,partially_verified
INGGV-B1,INGGV,GPL Berth-1,thermal_coal|coking_coal,340,180,58,18.00,0.50,200000,380,50000,true,false,,operational,2024-04-01,,https://www.adaniports.com/Ports-and-Terminals/gangavaram-port,2026-09-10,partially_verified
INGGV-B4,INGGV,GPL Berth-4,thermal_coal|iron_ore,300,150,50,16.00,0.50,150000,350,42000,true,false,,operational,2024-04-01,,https://www.adaniports.com/Ports-and-Terminals/gangavaram-port,2026-09-10,partially_verified
INGPR-B1,INGPR,Gopalpur Berth-1,thermal_coal|coking_coal,230,110,33,9.20,0.60,70000,250,14000,false,false,,operational,2024-04-01,,https://www.adaniports.com/Ports-and-Terminals/gopalpur-port,2026-09-10,partially_verified
INDHA-B1,INDHA,Dhamra Berth-1,thermal_coal|coking_coal,330,180,55,17.50,0.60,200000,350,48000,true,false,,operational,2024-04-01,,https://www.adaniports.com/Ports-and-Terminals/dhamra-port,2026-09-10,partially_verified
INDHA-B2,INDHA,Dhamra Berth-2,iron_ore|thermal_coal,330,180,55,17.50,0.60,200000,350,45000,true,false,,operational,2024-04-01,,https://www.adaniports.com/Ports-and-Terminals/dhamra-port,2026-09-10,partially_verified
INHAL-HDC2,INHAL,HDC Berth-2,thermal_coal|coking_coal,230,110,32,8.50,0.50,75000,245,12000,false,false,"Lock gate transit; tide-dependent",operational,2024-04-01,,https://www.smportkolkata.shipping.gov.in/trade-notices,2026-09-10,manually_verified
INHAL-HDC4B,INHAL,HDC Berth-4B,thermal_coal|coking_coal,235,110,32,9.00,0.50,80000,250,15000,true,false,"Night-tide and fog-season restriction Dec-Feb (as low as 7.2 m)",operational,2024-04-01,,https://www.smportkolkata.shipping.gov.in/trade-notices,2026-09-10,manually_verified
INSGD-ANCH,INSGD,Sandheads Anchorage,thermal_coal|coking_coal|iron_ore,400,120,65,19.00,0.00,300000,0,9000,false,true,"Floating-crane lighterage only; weather dependent",operational,2024-04-01,,https://www.smportkolkata.shipping.gov.in/,2026-09-10,partially_verified
AUHPT-DBCT,AUHPT,Hay Point / DBCT,coking_coal|thermal_coal,340,180,58,18.30,0.80,220000,380,60000,true,false,,operational,2024-04-01,,https://nqbp.com.au/,2026-09-10,partially_verified
AUGLT-RGT,AUGLT,RG Tanna Coal Terminal,thermal_coal|coking_coal,300,150,50,15.20,0.90,180000,340,50000,true,false,,operational,2024-04-01,,https://www.gpcl.com.au/,2026-09-10,partially_verified
IDTBA-ANCH,IDTBA,Taboneo Anchorage,thermal_coal,340,120,58,15.50,0.00,200000,0,18000,false,false,"Barge-fed anchorage loading",operational,2024-04-01,,https://www.worldportsource.com/,2026-09-10,unverified
ZARBY-RBCT,ZARBY,Richards Bay Coal Terminal,thermal_coal|coking_coal,300,150,50,17.00,0.60,180000,350,45000,true,false,,operational,2024-04-01,,https://www.transnetnationalportsauthority.net/,2026-09-10,partially_verified
USHAM-PIER,USHAM,Lamberts Point Pier 6,coking_coal,300,150,50,15.00,0.60,160000,340,35000,true,false,,operational,2024-04-01,,https://www.portofvirginia.com/,2026-09-10,unverified
MZBEW-B8,MZBEW,Beira Berth-8,coking_coal,200,110,30,7.80,0.80,50000,230,8000,false,false,"Shallow channel; part-load only",operational,2024-04-01,,https://www.cornelder.co.mz/,2026-09-10,unverified
RUVVO-B1,RUVVO,Vostochny Coal Terminal,thermal_coal|coking_coal,300,150,50,16.00,0.30,170000,340,40000,true,false,,operational,2024-04-01,,https://www.vostport.ru/,2026-09-10,unverified
