route_id,origin_port,destination_port,distance_nm,via_passages,backhaul_index,baltic_reference_route,computed_by,caveat
AUHPT-INPRT,AUHPT,INPRT,5180,Torres Strait|Malacca,0.25,C5/P3A analogue,searoute_v1,"Great-circle-constrained maritime routing estimate; not for navigation."
AUHPT-INVTZ,AUHPT,INVTZ,5240,Torres Strait|Malacca,0.25,C5/P3A analogue,searoute_v1,"Great-circle-constrained maritime routing estimate; not for navigation."
AUHPT-INGGV,AUHPT,INGGV,5250,Torres Strait|Malacca,0.25,C5/P3A analogue,searoute_v1,"Great-circle-constrained maritime routing estimate; not for navigation."
AUHPT-INDHA,AUHPT,INDHA,5195,Torres Strait|Malacca,0.25,C5/P3A analogue,searoute_v1,"Great-circle-constrained maritime routing estimate; not for navigation."
AUHPT-INHAL,AUHPT,INHAL,5320,Torres Strait|Malacca,0.20,C5/P3A analogue,searoute_v1,"Great-circle-constrained maritime routing estimate; not for navigation."
AUHPT-INSGD,AUHPT,INSGD,5270,Torres Strait|Malacca,0.20,C5/P3A analogue,searoute_v1,"Great-circle-constrained maritime routing estimate; not for navigation."
AUHPT-INGPR,AUHPT,INGPR,5215,Torres Strait|Malacca,0.20,C5/P3A analogue,searoute_v1,"Great-circle-constrained maritime routing estimate; not for navigation."
AUGLT-INPRT,AUGLT,INPRT,5410,Torres Strait|Malacca,0.25,C5 analogue,searoute_v1,"Great-circle-constrained maritime routing estimate; not for navigation."
AUGLT-INVTZ,AUGLT,INVTZ,5470,Torres Strait|Malacca,0.25,C5 analogue,searoute_v1,"Great-circle-constrained maritime routing estimate; not for navigation."
AUGLT-INDHA,AUGLT,INDHA,5425,Torres Strait|Malacca,0.25,C5 analogue,searoute_v1,"Great-circle-constrained maritime routing estimate; not for navigation."
AUGLT-INHAL,AUGLT,INHAL,5550,Torres Strait|Malacca,0.20,C5 analogue,searoute_v1,"Great-circle-constrained maritime routing estimate; not for navigation."
AUGLT-INGGV,AUGLT,INGGV,5480,Torres Strait|Malacca,0.25,C5 analogue,searoute_v1,"Great-circle-constrained maritime routing estimate; not for navigation."
AUGLT-INGPR,AUGLT,INGPR,5445,Torres Strait|Malacca,0.20,C5 analogue,searoute_v1,"Great-circle-constrained maritime routing estimate; not for navigation."
IDTBA-INPRT,IDTBA,INPRT,3180,Malacca,0.45,S10 analogue,searoute_v1,"Great-circle-constrained maritime routing estimate; not for navigation."
IDTBA-INVTZ,IDTBA,INVTZ,3060,Malacca,0.45,S10 analogue,searoute_v1,"Great-circle-constrained maritime routing estimate; not for navigation."
IDTBA-INHAL,IDTBA,INHAL,3250,Malacca,0.40,S10 analogue,searoute_v1,"Great-circle-constrained maritime routing estimate; not for navigation."
IDTBA-INGGV,IDTBA,INGGV,3070,Malacca,0.45,S10 analogue,searoute_v1,"Great-circle-constrained maritime routing estimate; not for navigation."
IDTBA-INDHA,IDTBA,INDHA,3195,Malacca,0.45,S10 analogue,searoute_v1,"Great-circle-constrained maritime routing estimate; not for navigation."
IDTBA-INGPR,IDTBA,INGPR,3120,Malacca,0.40,S10 analogue,searoute_v1,"Great-circle-constrained maritime routing estimate; not for navigation."
IDTBA-INSGD,IDTBA,INSGD,3210,Malacca,0.40,S10 analogue,searoute_v1,"Great-circle-constrained maritime routing estimate; not for navigation."
ZARBY-INPRT,ZARBY,INPRT,4520,Cape of Good Hope approaches,0.30,C17 analogue,searoute_v1,"Great-circle-constrained maritime routing estimate; not for navigation."
ZARBY-INVTZ,ZARBY,INVTZ,4450,,0.30,C17 analogue,searoute_v1,"Great-circle-constrained maritime routing estimate; not for navigation."
ZARBY-INHAL,ZARBY,INHAL,4690,,0.25,C17 analogue,searoute_v1,"Great-circle-constrained maritime routing estimate; not for navigation."
ZARBY-INGGV,ZARBY,INGGV,4460,,0.30,C17 analogue,searoute_v1,"Great-circle-constrained maritime routing estimate; not for navigation."
ZARBY-INDHA,ZARBY,INDHA,4540,,0.30,C17 analogue,searoute_v1,"Great-circle-constrained maritime routing estimate; not for navigation."
ZARBY-INGPR,ZARBY,INGPR,4490,,0.25,C17 analogue,searoute_v1,"Great-circle-constrained maritime routing estimate; not for navigation."
USHAM-INPRT,USHAM,INPRT,9150,Suez,0.35,,searoute_v1,"Great-circle-constrained maritime routing estimate; not for navigation."
USHAM-INVTZ,USHAM,INVTZ,9080,Suez,0.35,,searoute_v1,"Great-circle-constrained maritime routing estimate; not for navigation."
USHAM-INHAL,USHAM,INHAL,9320,Suez,0.30,,searoute_v1,"Great-circle-constrained maritime routing estimate; not for navigation."
USHAM-INDHA,USHAM,INDHA,9170,Suez,0.35,,searoute_v1,"Great-circle-constrained maritime routing estimate; not for navigation."
MZBEW-INPRT,MZBEW,INPRT,4210,,0.20,,searoute_v1,"Great-circle-constrained maritime routing estimate; not for navigation."
MZBEW-INVTZ,MZBEW,INVTZ,4150,,0.20,,searoute_v1,"Great-circle-constrained maritime routing estimate; not for navigation."
MZBEW-INHAL,MZBEW,INHAL,4380,,0.15,,searoute_v1,"Great-circle-constrained maritime routing estimate; not for navigation."
RUVVO-INPRT,RUVVO,INPRT,5460,Malacca,0.20,,searoute_v1,"Great-circle-constrained maritime routing estimate; not for navigation."
RUVVO-INVTZ,RUVVO,INVTZ,5390,Malacca,0.20,,searoute_v1,"Great-circle-constrained maritime routing estimate; not for navigation."
RUVVO-INHAL,RUVVO,INHAL,5530,Malacca,0.15,,searoute_v1,"Great-circle-constrained maritime routing estimate; not for navigation."
