Variable,Source,Provider,Real?,Date Range,Frequency,Access,Licence,Download/API,Redistribution,Confidence,Classification,Acquired?,Notes
"BPI, BCI, BSI, BHSI",Mendeley Data (DOI: 10.17632/t76ckh2ygg.1),Dr. Bangar Raju (UPES India),Yes,2012-08-01 to 2019-07-31,Daily,Open Public Access,CC BY 4.0,Direct HTTP/REST API,Permitted with attribution,High (Academic peer-reviewed),A — VERIFIED AND USABLE,Yes (ml-work/data/raw/mendeley_baltic_subindices_2012_2019.csv),"Real measured Baltic sub-index rates across 1,749 trading days; includes all 4 vessel classes"
BPI (Baltic Panamax Index),Baltic Exchange Information Services Ltd,Baltic Exchange (London / SGX),Yes,1998 to Present,Daily,Paid Commercial Subscription,Proprietary / UK FCA Benchmark Regulated,Baltic API / Portal (Requires paid credentials),Prohibited without commercial redistribution license,Authoritative Primary Source,B — REAL BUT LICENCE/ACCESS LIMITED,No (Commercial paywall),Primary benchmark authority; requires enterprise license
"BPI, BDI (Investing.com)",Investing.com (BPNI / BDI),Investing.com / Fusion Media,Yes,Variable (Historical tables),Daily,Restricted (Cloudflare challenge),Terms prohibit automated scraping / commercial use,Blocked (HTTP 403 / Cloudflare),Prohibited by Terms of Service,Medium,E — UNUSABLE,No (Automated access blocked),Cloudflare bot challenge actively blocks programmatic access
BPI (MacroMicro),MacroMicro,MacroMicro,Yes,2015 to Present,Daily,Paid Subscription ('Max AI'),Proprietary,Manual UI only (Bulk CSV export paywalled),Prohibited,Medium,B — REAL BUT LICENCE/ACCESS LIMITED,No (Paid tier required),Web charts visible; long-term bulk CSV download locked behind paywall
BDI (Zenodo Replication Package),"Zenodo (Chen, Feng & Tang 2026)",Zenodo / Academic authors,Yes,Historical sample,Weekly,Open Access,Open Access (Academic),Downloadable zip,Permitted for research,Medium,A — VERIFIED AND USABLE,"No (Weekly BDI composite only, sub-indices missing)","Contains only composite weekly BDI, not Panamax or Capesize sub-indices"
BDI (salndang/dry-baltic-index),GitHub repository,salndang (origin: Investing.com export),Yes,2000-01-04 to 2020-01-06,Daily,Public GitHub,Unlicensed (Investing.com derived),GitHub Raw,Unclear,Low (Third-party scraper dump),C — REAL BUT PROVENANCE UNCLEAR,"No (Unlicensed, composite BDI only)",BDI composite only; no sub-indices; provenance traces to Investing.com scraper
"BPI, BCI, BSI, BHSI (Demo Series)",Internal Repository (generate_demo_series.py),SIH Hackathon local generator,No (Synthetic),2019-01-01 to 2026-09-15,Daily (Business days),Local repository file,Internal project use,Local filesystem,Internal only,Known Synthetic (Seed 26006),D — SYNTHETIC/DEMO,Already present (ml-work/data/raw/original_dataset.csv),Deterministic Ornstein-Uhlenbeck simulation; for pipeline testing only
Brent Crude Oil Spot Price,FRED (DCOILBRENTEU),U.S. Energy Information Administration (EIA),Yes,1987-05-20 to 2026-09-15,Daily,Open Public Domain,U.S. Government Work (Public Domain),Direct automated CSV via FRED API/graph,Unrestricted public redistribution,Authoritative Primary Source,A — VERIFIED AND USABLE,Yes (ml-work/data/raw/fred_brent_crude_daily.csv),"10,260 rows; primary fuel cost proxy for bunker fuel (VLSFO)"
USD to INR Spot Exchange Rate,FRED (DEXINUS),Board of Governors of the Federal Reserve System,Yes,1973-01-02 to 2026-09-11,Daily,Open Public Domain,U.S. Government Work (Public Domain),Direct automated CSV via FRED API/graph,Unrestricted public redistribution,Authoritative Primary Source,A — VERIFIED AND USABLE,Yes (ml-work/data/raw/fred_usd_inr_daily.csv),"14,009 rows; macro FX driver for Indian vessel chartering"
"Global Price of Coal, Australia",FRED (PCOALAUUSDM),International Monetary Fund (IMF),Yes,1992-01-01 to 2026-07-01,Monthly,Open Data,IMF Open Data Terms (Unrestricted),Direct automated CSV via FRED API/graph,Unrestricted public redistribution,Authoritative Primary Source,A — VERIFIED AND USABLE,Yes (ml-work/data/raw/fred_coal_australia_monthly.csv),415 rows; primary thermal coal export benchmark (Australia to India East Coast)
Global Price of Iron Ore (62% Fe CFR China),FRED (PIORECRUSDM),International Monetary Fund (IMF),Yes,1992-01-01 to 2026-07-01,Monthly,Open Data,IMF Open Data Terms (Unrestricted),Direct automated CSV via FRED API/graph,Unrestricted public redistribution,Authoritative Primary Source,A — VERIFIED AND USABLE,Yes (ml-work/data/raw/fred_iron_ore_monthly.csv),415 rows; global dry bulk demand driver for Capesize/Panamax
Deep Sea Freight Transportation: Bulk Cargo (PPI),FRED (PCU4831114831115),U.S. Bureau of Labor Statistics (BLS),Yes,1988-06-01 to 2026-08-01,Monthly,Open Public Domain,U.S. Government Work (Public Domain),Direct automated CSV via FRED API/graph,Unrestricted public redistribution,Authoritative Primary Source,A — VERIFIED AND USABLE,Audited & verified (Can be ingested as macro feature),459 rows; producer price index for deep-sea dry bulk freight
Marine Weather / Wave Height / Wind,Open-Meteo Marine Weather API,Open-Meteo / Copernicus Marine Service,Yes,1940 to Present (Reanalysis) + 7d Forecast,Hourly / Daily,Open API (Free for non-commercial/academic),CC BY 4.0,REST JSON API,Permitted with attribution,High,A — VERIFIED AND USABLE,Verified available via API,"Provides wave height, swell period, and wind speed for Bay of Bengal routes"
Paradip Port Daily Traffic & Turnaround,Paradip Port Authority (PPA) Daily PDF Reports,"Paradip Port Authority (Ministry of Ports, Shipping and Waterways)",Yes,Current operational snapshots,Daily,Public government PDF releases,Government of India Open Data / Public Domain,PDF download (Requires table extraction),Public information,High,B — REAL BUT LICENCE/ACCESS LIMITED,Sample static tables in backend-work/data/reference/,Requires automated PDF scraping/table extraction pipeline
