target,horizon,n_val,q_hat,raw_val_coverage_pct,cal_val_coverage_pct,raw_val_mean_width,cal_val_mean_width,val_crossing_rate_pct
BPI,7,250,139.51,48.0,80.4,279.39,558.4,30.4
BPI,14,250,176.8,40.4,80.4,352.65,706.25,13.2
BPI,28,250,252.49,24.8,80.4,383.35,888.34,21.6
BPI,60,250,195.82,37.2,80.4,444.74,836.38,30.0
BPI,90,250,389.89,8.0,80.4,335.76,1115.54,13.6
BPI,180,250,479.81,15.2,80.4,223.16,1182.78,24.0
BCI,7,250,248.29,53.2,80.4,738.79,1235.37,6.8
BCI,14,250,587.65,36.4,80.4,789.69,1964.99,17.2
BCI,28,250,839.93,24.0,80.4,756.95,2436.81,29.6
BCI,60,250,976.63,24.0,80.4,933.63,2886.88,14.8
BCI,90,250,950.74,30.8,80.4,739.82,2641.3,17.2
BCI,180,250,1167.6,37.2,80.4,893.15,3228.34,17.6
BSI,7,250,32.61,52.8,80.4,115.49,180.72,17.2
BSI,14,250,36.78,57.6,80.4,160.1,233.66,28.0
BSI,28,250,76.98,63.2,80.4,224.13,378.09,19.6
BSI,60,250,114.28,36.4,80.4,182.72,411.28,17.6
BSI,90,250,103.4,22.0,80.4,202.26,409.06,38.8
BSI,180,250,206.14,24.4,80.4,230.35,642.62,11.2
BHSI,7,250,6.17,72.4,80.4,68.09,80.42,32.4
BHSI,14,250,31.57,58.8,80.4,75.07,138.21,40.4
BHSI,28,250,44.65,69.6,80.4,112.84,202.15,23.2
BHSI,60,250,63.91,35.6,80.4,80.88,208.69,34.0
BHSI,90,250,50.11,42.4,80.4,101.73,201.95,68.4
BHSI,180,250,107.45,11.2,80.4,99.77,314.68,38.0
