target,horizon,split,model,p50_mae,p50_rmse,p50_mape,p50_mase,p50_dir_acc_all,p50_dir_acc_non_neutral,p50_neutral_rate,pinball_p10,pinball_p50,pinball_p90,raw_coverage_pct,calibrated_coverage_pct,raw_mean_width,calibrated_mean_width,q_hat,crossing_rate_pct,n_predictions
BPI,7,val,quantile_lightgbm,147.1996,182.6921,10.3726,8.7784,55.6,55.6,0.0,27.2514,73.5998,62.96,48.0,80.4,279.39,558.4,139.51,30.4,250
BPI,7,test,quantile_lightgbm,129.7638,166.788,10.3628,7.7386,58.44,58.44,0.0,31.9122,64.8819,50.271,49.79,85.19,231.67,510.69,139.51,10.7,243
BPI,14,val,quantile_lightgbm,191.7896,237.4395,13.0711,11.4375,57.6,57.6,0.0,35.8286,95.8948,80.9122,40.4,80.4,352.65,706.25,176.8,13.2,250
BPI,14,test,quantile_lightgbm,198.7861,271.7053,17.211,11.8548,61.44,61.44,0.0,61.589,99.393,83.1212,32.63,78.39,268.0,621.6,176.8,7.2,236
BPI,28,val,quantile_lightgbm,271.4018,311.5662,18.3625,16.1853,40.0,40.0,0.0,48.9386,135.7009,122.6143,24.8,80.4,383.35,888.34,252.49,21.6,250
BPI,28,test,quantile_lightgbm,275.7981,387.025,26.5438,16.4475,68.02,68.02,0.0,87.2832,137.899,94.5521,50.0,78.83,395.69,900.68,252.49,3.6,222
BPI,60,val,quantile_lightgbm,193.984,240.6822,13.1404,11.5684,72.0,72.0,0.0,52.5246,96.992,99.0983,37.2,80.4,444.74,836.38,195.82,30.0,250
BPI,60,test,quantile_lightgbm,413.8142,510.5277,37.4128,24.6782,63.68,63.68,0.0,142.8694,206.9071,112.1012,33.68,60.53,306.64,698.28,195.82,37.89,190
BPI,90,val,quantile_lightgbm,379.1631,416.1777,25.7519,22.6117,56.8,56.8,0.0,56.877,189.5816,214.7649,8.0,80.4,335.76,1115.54,389.89,13.6,250
BPI,90,test,quantile_lightgbm,389.9564,492.5527,38.6204,23.2554,91.25,91.25,0.0,166.432,194.9782,149.1235,22.5,70.0,243.97,1023.75,389.89,11.88,160
BPI,180,val,quantile_lightgbm,363.503,430.8191,29.183,21.6778,63.6,63.6,0.0,76.1913,181.7515,215.9914,15.2,80.4,223.16,1182.78,479.81,24.0,250
BPI,180,test,quantile_lightgbm,313.0482,447.5507,18.3327,18.6689,78.57,78.57,0.0,46.4906,156.5241,168.5831,65.71,80.0,354.02,1313.65,479.81,1.43,70
BCI,7,val,quantile_lightgbm,405.9412,515.3591,17.3775,7.2204,46.8,46.8,0.0,86.8689,202.9706,109.8106,53.2,80.4,738.79,1235.37,248.29,6.8,250
BCI,7,test,quantile_lightgbm,349.4751,466.1064,43.5953,6.2161,63.79,63.79,0.0,104.3628,174.7375,91.7941,57.61,80.66,698.41,1194.99,248.29,2.06,243
BCI,14,val,quantile_lightgbm,545.9655,677.8191,24.4243,9.711,50.8,50.8,0.0,129.0145,272.9827,241.551,36.4,80.4,789.69,1964.99,587.65,17.2,250
BCI,14,test,quantile_lightgbm,603.0238,802.1284,74.0672,10.7259,68.64,68.64,0.0,147.568,301.5119,161.8954,55.08,88.98,932.58,2107.89,587.65,16.1,236
BCI,28,val,quantile_lightgbm,700.8993,818.8207,31.2477,12.4668,57.6,57.6,0.0,148.6487,350.4497,366.6793,24.0,80.4,756.95,2436.81,839.93,29.6,250
BCI,28,test,quantile_lightgbm,930.4644,1138.9477,100.1409,16.5501,69.37,69.37,0.0,256.1885,465.2322,234.8212,31.53,86.94,887.75,2567.61,839.93,20.72,222
BCI,60,val,quantile_lightgbm,1011.2982,1169.0997,46.9158,17.9879,59.2,59.2,0.0,185.8242,505.6491,428.8618,24.0,80.4,933.63,2886.88,976.63,14.8,250
BCI,60,test,quantile_lightgbm,928.5779,1148.4616,175.2585,16.5165,72.11,72.11,0.0,348.5656,464.2889,267.5621,31.05,73.68,816.53,2769.79,976.63,6.32,190
BCI,90,val,quantile_lightgbm,787.1311,1012.3279,38.9549,14.0006,82.8,82.8,0.0,157.9202,393.5656,357.6304,30.8,80.4,739.82,2641.3,950.74,17.2,250
BCI,90,test,quantile_lightgbm,1084.1605,1347.6708,186.6166,19.2839,83.12,83.12,0.0,423.0974,542.0803,364.7142,24.38,56.88,672.75,2574.22,950.74,28.12,160
BCI,180,val,quantile_lightgbm,872.5484,1052.0035,124.9072,15.5199,70.8,70.8,0.0,292.089,436.2742,329.2344,37.2,80.4,893.15,3228.34,1167.6,17.6,250
BCI,180,test,quantile_lightgbm,796.6143,980.0521,31.5971,14.1693,57.14,57.14,0.0,111.8318,398.3071,328.7575,41.43,91.43,944.07,3279.26,1167.6,10.0,70
BSI,7,val,quantile_lightgbm,55.3509,68.3544,5.6393,8.0473,57.6,57.6,0.0,11.1193,27.6755,17.9802,52.8,80.4,115.49,180.72,32.61,17.2,250
BSI,7,test,quantile_lightgbm,50.4896,66.3275,6.8176,7.3405,64.2,64.2,0.0,13.6598,25.2448,12.5685,63.37,82.3,96.36,161.58,32.61,21.81,243
BSI,14,val,quantile_lightgbm,83.8525,111.4569,8.6332,12.191,61.2,61.2,0.0,15.9362,41.9262,24.575,57.6,80.4,160.1,233.66,36.78,28.0,250
BSI,14,test,quantile_lightgbm,79.3512,108.9938,10.869,11.5366,70.34,70.34,0.0,28.6758,39.6756,13.4505,59.75,84.32,154.03,227.59,36.78,9.32,236
BSI,28,val,quantile_lightgbm,108.8968,138.8567,10.991,15.8322,66.8,66.8,0.0,17.2936,54.4484,33.6952,63.2,80.4,224.13,378.09,76.98,19.6,250
BSI,28,test,quantile_lightgbm,126.5792,172.1595,17.8466,18.4029,61.26,61.26,0.0,44.0737,63.2896,27.773,57.66,78.38,202.41,356.37,76.98,24.77,222
BSI,60,val,quantile_lightgbm,136.1784,159.2707,13.0487,19.7985,58.8,58.8,0.0,23.274,68.0892,52.2603,36.4,80.4,182.72,411.28,114.28,17.6,250
BSI,60,test,quantile_lightgbm,190.7887,238.5778,27.1644,27.7382,72.11,72.11,0.0,106.3601,95.3944,30.2364,29.47,55.79,155.59,384.15,114.28,8.42,190
BSI,90,val,quantile_lightgbm,140.2954,164.1588,13.7512,20.3971,50.8,50.8,0.0,23.4525,70.1477,51.0943,22.0,80.4,202.26,409.06,103.4,38.8,250
BSI,90,test,quantile_lightgbm,182.3919,223.5521,27.7502,26.5174,80.62,80.62,0.0,104.3516,91.1959,27.8926,28.75,60.0,169.86,376.67,103.4,11.88,160
BSI,180,val,quantile_lightgbm,216.1178,233.9675,25.0107,31.4207,62.0,62.0,0.0,45.9717,108.0589,97.1709,24.4,80.4,230.35,642.62,206.14,11.2,250
BSI,180,test,quantile_lightgbm,69.7543,90.651,8.0974,10.1413,100.0,100.0,0.0,9.6368,34.8771,16.42,75.71,100.0,163.77,576.04,206.14,8.57,70
BHSI,7,val,quantile_lightgbm,23.5906,28.1114,4.0014,6.9667,48.8,48.8,0.0,5.3157,11.7953,5.7775,72.4,80.4,68.09,80.42,6.17,32.4,250
BHSI,7,test,quantile_lightgbm,21.845,29.5244,5.1904,6.4512,84.77,84.77,0.0,5.5205,10.9225,4.4877,57.61,76.13,47.76,60.09,6.17,13.99,243
BHSI,14,val,quantile_lightgbm,34.8665,41.9568,5.8359,10.2966,58.8,58.8,0.0,6.6118,17.4333,14.5556,58.8,80.4,75.07,138.21,31.57,40.4,250
BHSI,14,test,quantile_lightgbm,39.7234,53.8773,9.668,11.7309,85.59,85.59,0.0,12.198,19.8617,6.4403,59.75,90.68,74.39,137.53,31.57,5.51,236
BHSI,28,val,quantile_lightgbm,47.8583,59.6623,7.8715,14.1333,66.8,66.8,0.0,9.0314,23.9291,21.9023,69.6,80.4,112.84,202.15,44.65,23.2,250
BHSI,28,test,quantile_lightgbm,61.0626,85.6743,15.3231,18.0327,79.28,79.28,0.0,25.391,30.5313,10.0547,64.86,84.68,102.8,192.11,44.65,15.77,222
BHSI,60,val,quantile_lightgbm,50.1685,65.4559,8.1062,14.8155,78.4,78.4,0.0,9.8982,25.0843,27.4361,35.6,80.4,80.88,208.69,63.91,34.0,250
BHSI,60,test,quantile_lightgbm,97.4032,129.805,24.2498,28.7646,71.58,71.58,0.0,51.2745,48.7016,12.9451,53.68,69.47,100.13,227.95,63.91,29.47,190
BHSI,90,val,quantile_lightgbm,47.1527,55.7101,7.8576,13.9249,80.4,80.4,0.0,10.5575,23.5763,21.7502,42.4,80.4,101.73,201.95,50.11,68.4,250
BHSI,90,test,quantile_lightgbm,144.0691,179.8423,37.4919,42.5457,69.38,69.38,0.0,100.2806,72.0346,17.1023,24.38,36.25,72.6,172.81,50.11,40.62,160
BHSI,180,val,quantile_lightgbm,117.9362,127.5709,23.7523,34.8283,78.0,78.0,0.0,26.8881,58.9681,53.4971,11.2,80.4,99.77,314.68,107.45,38.0,250
BHSI,180,test,quantile_lightgbm,38.8492,46.1951,8.7632,11.4727,100.0,100.0,0.0,11.3782,19.4246,9.0755,48.57,100.0,110.24,325.15,107.45,21.43,70
