target,horizon,model,split,mae,rmse,mape,mase,directional_accuracy,directional_accuracy_all,directional_accuracy_non_neutral,predicted_neutral_rate,actual_neutral_rate,n_predictions,failed_folds
BPI,7,naive_persistence,val,118.18,145.1194,8.3559,7.0478,0.8,0.8,,100.0,0.8,250,0
BPI,7,naive_persistence,test,123.251,166.0628,10.3758,7.3502,0.0,0.0,,100.0,0.0,243,0
BPI,7,seasonal_naive,val,414.544,465.5719,29.213,24.7217,52.8,52.8,52.8,0.0,0.8,250,0
BPI,7,seasonal_naive,test,288.1358,376.0341,28.9582,17.1832,58.44,58.44,58.68,0.41,0.0,243,0
BPI,7,moving_average_7,val,137.9,163.6087,9.6764,8.2238,44.0,44.0,44.0,0.0,0.8,250,0
BPI,7,moving_average_7,test,156.575,213.6716,13.3459,9.3375,34.57,34.57,34.71,0.41,0.0,243,0
BPI,7,moving_average_30,val,139.72,159.5781,9.8553,8.3323,50.0,50.0,50.0,0.0,0.8,250,0
BPI,7,moving_average_30,test,229.703,308.0646,21.0958,13.6985,39.92,39.92,39.92,0.0,0.0,243,0
BPI,7,damped_drift,val,128.1632,160.0138,9.0951,7.6431,45.2,45.2,45.2,0.0,0.8,250,0
BPI,7,damped_drift,test,128.9771,171.0854,11.2696,7.6917,59.67,59.67,59.92,0.41,0.0,243,0
BPI,7,ridge,val,107.5317,133.0446,7.5861,6.4127,65.2,65.2,65.2,0.0,0.8,250,0
BPI,7,ridge,test,112.9042,144.0575,9.6045,6.7331,65.02,65.02,65.02,0.0,0.0,243,0
BPI,7,lightgbm,val,202.6563,244.5986,14.2905,12.0856,51.6,51.6,51.6,0.0,0.8,250,0
BPI,7,lightgbm,test,139.1393,176.1514,11.3121,8.2977,50.62,50.62,50.62,0.0,0.0,243,0
BPI,7,arima_111,val,118.3483,146.8585,8.4054,7.0578,60.0,60.0,60.0,0.0,0.8,250,0
BPI,7,arima_111,test,101.8039,131.4881,8.4466,6.0712,65.43,65.43,65.43,0.0,0.0,243,0
BPI,14,naive_persistence,val,161.184,191.2481,11.2421,9.6123,0.0,0.0,,100.0,0.0,250,0
BPI,14,naive_persistence,test,206.161,280.6885,17.9861,12.2946,0.0,0.0,,100.0,0.0,236,0
BPI,14,seasonal_naive,val,401.524,455.5985,28.1802,23.9452,53.6,53.6,53.6,0.0,0.0,250,0
BPI,14,seasonal_naive,test,293.1017,380.9745,29.5654,17.4794,64.83,64.83,64.83,0.0,0.0,236,0
BPI,14,moving_average_7,val,158.0549,185.9591,11.0664,9.4257,57.2,57.2,57.2,0.0,0.0,250,0
BPI,14,moving_average_7,test,230.3753,313.9932,20.4739,13.7386,39.41,39.41,39.57,0.42,0.0,236,0
BPI,14,moving_average_30,val,152.108,172.135,10.7619,9.0711,62.0,62.0,62.0,0.0,0.0,250,0
BPI,14,moving_average_30,test,274.7462,362.6035,25.7546,16.3847,41.53,41.53,41.53,0.0,0.0,236,0
BPI,14,damped_drift,val,183.3738,221.2769,12.8159,10.9357,46.0,46.0,46.0,0.0,0.0,250,0
BPI,14,damped_drift,test,220.9696,296.3695,19.6988,13.1777,57.2,57.2,57.45,0.42,0.0,236,0
BPI,14,ridge,val,146.9317,182.2248,10.1548,8.7624,55.2,55.2,55.2,0.0,0.0,250,0
BPI,14,ridge,test,205.7575,272.5764,18.0374,12.2705,60.59,60.59,60.59,0.0,0.0,236,0
BPI,14,lightgbm,val,232.5834,266.4175,16.3886,13.8703,51.6,51.6,51.6,0.0,0.0,250,0
BPI,14,lightgbm,test,197.5678,263.0208,17.115,11.7821,61.44,61.44,61.44,0.0,0.0,236,0
BPI,14,arima_111,val,188.8419,230.2136,13.2126,11.2618,50.0,50.0,50.0,0.0,0.0,250,0
BPI,14,arima_111,test,190.493,250.3882,16.2775,11.3602,61.86,61.86,61.86,0.0,0.0,236,0
BPI,28,naive_persistence,val,163.748,193.0299,11.5526,9.7653,0.0,0.0,,100.0,0.0,250,0
BPI,28,naive_persistence,test,305.4865,402.1502,29.1589,18.218,0.0,0.0,,100.0,0.0,222,0
BPI,28,seasonal_naive,val,384.444,438.8719,26.5984,22.9267,38.8,38.8,38.8,0.0,0.0,250,0
BPI,28,seasonal_naive,test,293.1216,385.1537,30.2592,17.4806,74.77,74.77,74.77,0.0,0.0,222,0
BPI,28,moving_average_7,val,161.932,194.0532,11.3966,9.657,56.0,56.0,56.0,0.0,0.0,250,0
BPI,28,moving_average_7,test,313.5264,407.4989,30.2008,18.6974,45.95,45.95,46.15,0.45,0.0,222,0
BPI,28,moving_average_30,val,161.8525,192.5402,11.3226,9.6522,57.6,57.6,57.6,0.0,0.0,250,0
BPI,28,moving_average_30,test,349.0746,432.4485,33.6256,20.8174,40.09,40.09,40.09,0.0,0.0,222,0
BPI,28,damped_drift,val,202.2741,247.5006,14.3869,12.0628,41.6,41.6,41.6,0.0,0.0,250,0
BPI,28,damped_drift,test,328.2136,441.5428,31.2871,19.5733,59.01,59.01,59.01,0.0,0.0,222,0
BPI,28,ridge,val,159.919,200.0005,10.7565,9.5369,48.8,48.8,48.8,0.0,0.0,250,0
BPI,28,ridge,test,330.1504,428.9877,30.8818,19.6888,65.77,65.77,65.77,0.0,0.0,222,0
BPI,28,lightgbm,val,249.279,312.2503,17.1375,14.866,58.4,58.4,58.4,0.0,0.0,250,0
BPI,28,lightgbm,test,276.201,385.3242,26.7569,16.4715,72.07,72.07,72.07,0.0,0.0,222,0
BPI,28,arima_111,val,192.7882,237.7759,13.6716,11.4971,52.4,52.4,52.4,0.0,0.0,250,0
BPI,28,arima_111,test,302.6703,410.3423,28.2452,18.05,52.7,52.7,52.7,0.0,0.0,222,0
BPI,60,naive_persistence,val,162.912,197.7939,11.1334,9.7154,0.0,0.0,,100.0,0.0,250,0
BPI,60,naive_persistence,test,456.1842,548.3627,45.1714,27.2049,0.0,0.0,,100.0,0.0,190,0
BPI,60,seasonal_naive,val,313.576,357.2371,21.6257,18.7004,55.6,55.6,55.82,0.4,0.0,250,0
BPI,60,seasonal_naive,test,310.6421,405.3233,33.4864,18.5254,75.79,75.79,75.79,0.0,0.0,190,0
BPI,60,moving_average_7,val,169.6846,202.8321,11.5312,10.1193,54.4,54.4,54.4,0.0,0.0,250,0
BPI,60,moving_average_7,test,461.8331,558.9059,46.0673,27.5418,42.63,42.63,42.86,0.53,0.0,190,0
BPI,60,moving_average_30,val,178.9437,210.0675,12.0821,10.6715,55.2,55.2,55.2,0.0,0.0,250,0
BPI,60,moving_average_30,test,466.4207,582.4808,47.4732,27.8154,46.32,46.32,46.32,0.0,0.0,190,0
BPI,60,damped_drift,val,205.2249,257.0032,14.322,12.2388,44.0,44.0,44.0,0.0,0.0,250,0
BPI,60,damped_drift,test,493.584,601.5406,47.6671,29.4353,60.0,60.0,60.0,0.0,0.0,190,0
BPI,60,ridge,val,274.792,313.6367,18.295,16.3875,45.2,45.2,45.2,0.0,0.0,250,0
BPI,60,ridge,test,470.0653,583.9366,43.6617,28.0328,66.84,66.84,66.84,0.0,0.0,190,0
BPI,60,lightgbm,val,275.5829,332.1424,19.0041,16.4346,63.2,63.2,63.2,0.0,0.0,250,0
BPI,60,lightgbm,test,417.4036,518.7532,38.6903,24.8922,55.79,55.79,55.79,0.0,0.0,190,0
BPI,60,arima_111,val,196.1832,237.4992,13.6153,11.6996,57.6,57.6,57.6,0.0,0.0,250,0
BPI,60,arima_111,test,469.5703,552.983,45.9574,28.0032,54.74,54.74,54.74,0.0,0.0,190,0
BPI,90,naive_persistence,val,176.624,222.9336,11.8489,10.5331,0.0,0.0,,100.0,0.0,250,0
BPI,90,naive_persistence,test,582.2875,687.2026,58.891,34.7252,0.0,0.0,,100.0,0.0,160,0
BPI,90,seasonal_naive,val,283.532,327.8847,19.6175,16.9087,71.6,71.6,71.89,0.4,0.0,250,0
BPI,90,seasonal_naive,test,354.875,440.0465,38.8021,21.1633,88.75,88.75,88.75,0.0,0.0,160,0
BPI,90,moving_average_7,val,170.032,224.6562,11.4057,10.14,62.0,62.0,62.0,0.0,0.0,250,0
BPI,90,moving_average_7,test,578.4455,689.2122,58.2432,34.4961,51.25,51.25,51.57,0.62,0.0,160,0
BPI,90,moving_average_30,val,172.6165,221.7065,11.5658,10.2941,64.4,64.4,64.4,0.0,0.0,250,0
BPI,90,moving_average_30,test,539.2796,683.8834,53.8653,32.1604,60.0,60.0,60.0,0.0,0.0,160,0
BPI,90,damped_drift,val,246.0026,290.2851,16.6787,14.6706,34.0,34.0,34.0,0.0,0.0,250,0
BPI,90,damped_drift,test,655.4818,785.8714,66.4325,39.0902,46.25,46.25,46.25,0.0,0.0,160,0
BPI,90,ridge,val,292.6246,327.6331,19.3841,17.4509,50.8,50.8,50.8,0.0,0.0,250,0
BPI,90,ridge,test,469.8918,593.214,44.0857,28.0224,78.12,78.12,78.12,0.0,0.0,160,0
BPI,90,lightgbm,val,289.3237,332.294,19.5662,17.2541,65.6,65.6,65.6,0.0,0.0,250,0
BPI,90,lightgbm,test,448.805,543.3404,44.537,26.7649,89.38,89.38,89.38,0.0,0.0,160,0
BPI,90,arima_111,val,224.898,267.1673,15.4641,13.412,47.2,47.2,47.2,0.0,0.0,250,0
BPI,90,arima_111,test,613.3892,711.9207,62.6407,36.58,43.75,43.75,43.75,0.0,0.0,160,0
BPI,180,naive_persistence,val,234.084,305.0373,23.8808,13.9598,0.0,0.0,,100.0,0.0,250,0
BPI,180,naive_persistence,test,342.8857,379.4487,24.8125,20.4483,0.0,0.0,,100.0,0.0,70,0
BPI,180,seasonal_naive,val,316.536,388.4246,31.352,18.8769,55.2,55.2,55.2,0.0,0.0,250,0
BPI,180,seasonal_naive,test,228.2143,298.5029,14.621,13.6098,90.0,90.0,90.0,0.0,0.0,70,0
BPI,180,moving_average_7,val,224.3423,295.9309,23.0545,13.3788,62.8,62.8,62.8,0.0,0.0,250,0
BPI,180,moving_average_7,test,323.6306,352.5441,23.632,19.3,70.0,70.0,70.0,0.0,0.0,70,0
BPI,180,moving_average_30,val,208.0045,282.4401,22.1521,12.4045,73.2,73.2,73.2,0.0,0.0,250,0
BPI,180,moving_average_30,test,298.0019,318.5648,21.6921,17.7716,78.57,78.57,78.57,0.0,0.0,70,0
BPI,180,damped_drift,val,295.704,357.5414,27.5748,17.6346,30.8,30.8,30.8,0.0,0.0,250,0
BPI,180,damped_drift,test,391.0546,434.9687,28.8267,23.3209,25.71,25.71,25.71,0.0,0.0,70,0
BPI,180,ridge,val,185.7946,239.5503,17.3632,11.08,81.2,81.2,81.2,0.0,0.0,250,0
BPI,180,ridge,test,396.608,498.0183,24.6737,23.6521,78.57,78.57,78.57,0.0,0.0,70,0
BPI,180,lightgbm,val,424.5072,487.0603,32.9315,25.3159,59.2,59.2,59.2,0.0,0.0,250,0
BPI,180,lightgbm,test,247.7169,356.5821,14.6297,14.7728,78.57,78.57,78.57,0.0,0.0,70,0
BPI,180,arima_111,val,310.4357,384.9212,30.382,18.5131,36.8,36.8,36.8,0.0,0.0,250,0
BPI,180,arima_111,test,422.5185,470.5909,31.0066,25.1973,27.14,27.14,27.14,0.0,0.0,70,0
BCI,7,naive_persistence,val,357.732,476.6867,16.6161,6.3629,0.0,0.0,,100.0,0.0,250,0
BCI,7,naive_persistence,test,352.6337,456.8829,30.1363,6.2723,0.41,0.41,,100.0,0.41,243,0
BCI,7,seasonal_naive,val,1142.076,1309.5402,49.7469,20.314,40.4,40.4,40.4,0.0,0.0,250,0
BCI,7,seasonal_naive,test,876.8519,1029.5827,101.7867,15.5965,62.96,62.96,62.96,0.0,0.41,243,0
BCI,7,moving_average_7,val,434.4589,564.6229,20.0478,7.7277,47.2,47.2,47.2,0.0,0.0,250,0
BCI,7,moving_average_7,test,442.4562,556.6569,37.9325,7.8699,31.69,31.69,31.69,0.0,0.41,243,0
BCI,7,moving_average_30,val,659.8441,796.5948,30.6144,11.7366,36.0,36.0,36.0,0.0,0.0,250,0
BCI,7,moving_average_30,test,682.0796,815.7983,63.638,12.1321,35.8,35.8,35.8,0.0,0.41,243,0
BCI,7,damped_drift,val,376.1969,519.2732,17.9395,6.6914,64.0,64.0,64.26,0.4,0.0,250,0
BCI,7,damped_drift,test,373.993,483.7388,28.7037,6.6522,55.14,55.14,55.14,0.0,0.41,243,0
BCI,7,ridge,val,374.6168,459.2136,16.4324,6.6633,50.8,50.8,50.8,0.0,0.0,250,0
BCI,7,ridge,test,394.3284,493.5014,39.2507,7.0139,60.91,60.91,60.91,0.0,0.41,243,0
BCI,7,lightgbm,val,362.2272,457.2961,16.1247,6.4429,57.2,57.2,57.2,0.0,0.0,250,0
BCI,7,lightgbm,test,388.5364,519.8793,44.7255,6.9109,61.73,61.73,61.73,0.0,0.41,243,0
BCI,7,arima_111,val,352.7835,461.5003,16.3367,6.2749,56.0,56.0,56.0,0.0,0.0,250,0
BCI,7,arima_111,test,335.8426,437.6355,27.7992,5.9736,62.96,62.96,62.96,0.0,0.41,243,0
BCI,14,naive_persistence,val,541.456,695.8227,24.9128,9.6308,0.0,0.0,,100.0,0.0,250,0
BCI,14,naive_persistence,test,582.5847,724.2147,47.8934,10.3624,0.42,0.42,,100.0,0.42,236,0
BCI,14,seasonal_naive,val,1140.248,1308.0011,49.0807,20.2815,36.4,36.4,36.4,0.0,0.0,250,0
BCI,14,seasonal_naive,test,864.8136,1019.8942,103.722,15.3824,69.07,69.07,69.07,0.0,0.42,236,0
BCI,14,moving_average_7,val,599.1634,763.2897,27.7832,10.6573,48.4,48.4,48.4,0.0,0.0,250,0
BCI,14,moving_average_7,test,647.7331,798.7889,53.0059,11.5212,33.9,33.9,33.9,0.0,0.42,236,0
BCI,14,moving_average_30,val,789.3444,929.0503,36.2951,14.04,34.0,34.0,34.0,0.0,0.0,250,0
BCI,14,moving_average_30,test,821.3421,979.2064,83.2355,14.6091,41.53,41.53,41.53,0.0,0.42,236,0
BCI,14,damped_drift,val,599.4821,785.2746,28.0956,10.6629,64.0,64.0,64.26,0.4,0.0,250,0
BCI,14,damped_drift,test,621.4906,773.09,49.9545,11.0544,54.24,54.24,54.24,0.0,0.42,236,0
BCI,14,ridge,val,546.7596,694.1223,23.4106,9.7252,50.8,50.8,50.8,0.0,0.0,250,0
BCI,14,ridge,test,618.8102,790.1486,57.0941,11.0067,56.78,56.78,56.78,0.0,0.42,236,0
BCI,14,lightgbm,val,532.1096,674.488,23.096,9.4646,59.2,59.2,59.2,0.0,0.0,250,0
BCI,14,lightgbm,test,658.4418,877.0096,83.4742,11.7116,66.1,66.1,66.1,0.0,0.42,236,0
BCI,14,arima_111,val,526.0033,682.4898,24.1479,9.356,56.8,56.8,56.8,0.0,0.0,250,0
BCI,14,arima_111,test,566.2214,707.1542,46.7954,10.0713,61.44,61.44,61.44,0.0,0.42,236,0
BCI,28,naive_persistence,val,791.9,986.664,36.9689,14.0854,0.0,0.0,,100.0,0.0,250,0
BCI,28,naive_persistence,test,927.5045,1077.3564,90.9579,16.4974,0.0,0.0,,100.0,0.0,222,0
BCI,28,seasonal_naive,val,1091.764,1273.8486,46.843,19.4191,48.8,48.8,48.8,0.0,0.0,250,0
BCI,28,seasonal_naive,test,887.3649,1041.4565,109.1905,15.7835,71.62,71.62,71.62,0.0,0.0,222,0
BCI,28,moving_average_7,val,833.8257,1017.4619,38.8457,14.8312,51.6,51.6,51.6,0.0,0.0,250,0
BCI,28,moving_average_7,test,953.332,1116.4482,98.6281,16.9568,40.54,40.54,40.54,0.0,0.0,222,0
BCI,28,moving_average_30,val,994.5593,1116.3152,46.3891,17.6901,42.8,42.8,42.8,0.0,0.0,250,0
BCI,28,moving_average_30,test,1025.7638,1227.2442,127.2262,18.2452,50.45,50.45,50.45,0.0,0.0,222,0
BCI,28,damped_drift,val,883.3018,1127.6917,41.9438,15.7112,54.4,54.4,54.62,0.4,0.0,250,0
BCI,28,damped_drift,test,974.4964,1152.8406,88.8534,17.3333,50.9,50.9,50.9,0.0,0.0,222,0
BCI,28,ridge,val,769.2917,868.9531,34.2423,13.6833,58.0,58.0,58.0,0.0,0.0,250,0
BCI,28,ridge,test,868.9401,1051.1919,85.3916,15.4558,62.16,62.16,62.16,0.0,0.0,222,0
BCI,28,lightgbm,val,633.52,771.874,28.4559,11.2684,65.2,65.2,65.2,0.0,0.0,250,0
BCI,28,lightgbm,test,950.3028,1170.6673,104.342,16.9029,70.27,70.27,70.27,0.0,0.0,222,0
BCI,28,arima_111,val,783.9628,988.9585,36.9571,13.9443,52.0,52.0,52.0,0.0,0.0,250,0
BCI,28,arima_111,test,922.9181,1073.2536,88.367,16.4159,57.66,57.66,57.66,0.0,0.0,222,0
BCI,60,naive_persistence,val,1130.684,1309.3557,58.1253,20.1114,0.0,0.0,,100.0,0.0,250,0
BCI,60,naive_persistence,test,1335.1526,1602.0886,187.843,23.7482,0.0,0.0,,100.0,0.0,190,0
BCI,60,seasonal_naive,val,1079.308,1262.6014,48.0542,19.1975,56.0,56.0,56.22,0.4,0.0,250,0
BCI,60,seasonal_naive,test,894.1316,1067.4572,120.516,15.9038,80.0,80.0,80.0,0.0,0.0,190,0
BCI,60,moving_average_7,val,1164.1411,1344.1436,60.2099,20.7065,50.4,50.4,50.4,0.0,0.0,250,0
BCI,60,moving_average_7,test,1354.2827,1640.8025,189.1606,24.0885,52.11,52.11,52.11,0.0,0.0,190,0
BCI,60,moving_average_30,val,1189.9537,1424.1621,61.2752,21.1656,59.2,59.2,59.2,0.0,0.0,250,0
BCI,60,moving_average_30,test,1351.8774,1646.9206,184.794,24.0457,61.58,61.58,61.58,0.0,0.0,190,0
BCI,60,damped_drift,val,1230.1867,1493.6761,65.6644,21.8812,45.6,45.6,45.78,0.4,0.0,250,0
BCI,60,damped_drift,test,1607.4418,1826.6206,215.9607,28.5914,38.95,38.95,38.95,0.0,0.0,190,0
BCI,60,ridge,val,902.8891,1056.8206,42.5103,16.0596,66.4,66.4,66.4,0.0,0.0,250,0
BCI,60,ridge,test,985.9404,1163.7175,173.7407,17.5368,66.84,66.84,66.84,0.0,0.0,190,0
BCI,60,lightgbm,val,990.2898,1152.0181,48.3186,17.6142,60.0,60.0,60.0,0.0,0.0,250,0
BCI,60,lightgbm,test,870.8066,1070.4781,163.2092,15.4889,76.32,76.32,76.32,0.0,0.0,190,0
BCI,60,arima_111,val,1132.9523,1327.6375,58.5885,20.1517,49.2,49.2,49.2,0.0,0.0,250,0
BCI,60,arima_111,test,1346.8616,1613.4408,190.0381,23.9565,42.11,42.11,42.11,0.0,0.0,190,0
BCI,90,naive_persistence,val,1227.62,1482.166,68.1119,21.8356,0.0,0.0,,100.0,0.0,250,0
BCI,90,naive_persistence,test,1419.7125,1688.8477,187.5762,25.2523,0.0,0.0,,100.0,0.0,160,0
BCI,90,seasonal_naive,val,1107.384,1305.006,56.5074,19.6969,62.0,62.0,62.0,0.0,0.0,250,0
BCI,90,seasonal_naive,test,766.9312,897.9881,122.4622,13.6413,85.62,85.62,85.62,0.0,0.0,160,0
BCI,90,moving_average_7,val,1235.5469,1468.1022,67.4954,21.9765,58.4,58.4,58.4,0.0,0.0,250,0
BCI,90,moving_average_7,test,1420.0518,1677.84,194.715,25.2583,55.62,55.62,55.62,0.0,0.0,160,0
BCI,90,moving_average_30,val,1171.0497,1398.7985,62.2171,20.8293,72.8,72.8,72.8,0.0,0.0,250,0
BCI,90,moving_average_30,test,1393.5692,1614.0159,220.177,24.7873,61.25,61.25,61.25,0.0,0.0,160,0
BCI,90,damped_drift,val,1630.2224,1863.3502,91.414,28.9966,24.8,24.8,24.9,0.4,0.0,250,0
BCI,90,damped_drift,test,1581.0423,2004.0828,165.4111,28.1218,41.88,41.88,41.88,0.0,0.0,160,0
BCI,90,ridge,val,828.9609,1078.4063,50.6251,14.7446,80.0,80.0,80.0,0.0,0.0,250,0
BCI,90,ridge,test,1237.3472,1529.2975,244.0567,22.0086,63.75,63.75,63.75,0.0,0.0,160,0
BCI,90,lightgbm,val,772.8307,959.4237,40.1716,13.7463,84.8,84.8,84.8,0.0,0.0,250,0
BCI,90,lightgbm,test,1115.7143,1367.8338,187.4127,19.8451,80.0,80.0,80.0,0.0,0.0,160,0
BCI,90,arima_111,val,1269.1524,1540.3755,71.4439,22.5743,40.4,40.4,40.4,0.0,0.0,250,0
BCI,90,arima_111,test,1458.3623,1732.3277,190.3783,25.9397,32.5,32.5,32.5,0.0,0.0,160,0
BCI,180,naive_persistence,val,919.228,1189.8378,176.9693,16.3502,0.0,0.0,,100.0,0.0,250,0
BCI,180,naive_persistence,test,1230.8286,1488.3133,82.7433,21.8926,0.0,0.0,,100.0,0.0,70,0
BCI,180,seasonal_naive,val,1045.6,1213.8421,100.5901,18.598,73.2,73.2,73.2,0.0,0.0,250,0
BCI,180,seasonal_naive,test,603.3571,742.1623,41.33,10.7319,81.43,81.43,81.43,0.0,0.0,70,0
BCI,180,moving_average_7,val,925.5709,1172.4322,170.7241,16.463,53.2,53.2,53.2,0.0,0.0,250,0
BCI,180,moving_average_7,test,1314.0204,1534.6255,86.502,23.3723,24.29,24.29,24.29,0.0,0.0,70,0
BCI,180,moving_average_30,val,868.9796,1059.9333,147.7647,15.4565,67.6,67.6,67.6,0.0,0.0,250,0
BCI,180,moving_average_30,test,1457.8081,1589.6848,89.9198,25.9299,41.43,41.43,41.43,0.0,0.0,70,0
BCI,180,damped_drift,val,1334.9541,1645.3706,225.1692,23.7447,31.2,31.2,31.33,0.4,0.0,250,0
BCI,180,damped_drift,test,1558.7159,1825.9254,107.699,27.7247,45.71,45.71,45.71,0.0,0.0,70,0
BCI,180,ridge,val,790.0742,916.3087,113.4921,14.053,74.0,74.0,74.0,0.0,0.0,250,0
BCI,180,ridge,test,863.9579,1040.1462,36.7085,15.3671,55.71,55.71,55.71,0.0,0.0,70,0
BCI,180,lightgbm,val,933.931,1109.6339,138.53,16.6117,70.4,70.4,70.4,0.0,0.0,250,0
BCI,180,lightgbm,test,889.4887,1028.8557,37.7189,15.8212,64.29,64.29,64.29,0.0,0.0,70,0
BCI,180,arima_111,val,995.0073,1299.2997,190.5505,17.6981,39.2,39.2,39.2,0.0,0.0,250,0
BCI,180,arima_111,test,1251.2216,1550.2653,86.9474,22.2554,47.14,47.14,47.14,0.0,0.0,70,0
BSI,7,naive_persistence,val,45.616,60.0516,4.6892,6.632,1.2,1.2,,100.0,1.2,250,0
BSI,7,naive_persistence,test,56.2387,77.7541,7.5414,8.1764,0.0,0.0,,100.0,0.0,243,0
BSI,7,seasonal_naive,val,214.948,243.0346,21.3683,31.2506,42.8,42.8,42.8,0.0,1.2,250,0
BSI,7,seasonal_naive,test,200.7325,233.1979,26.4818,29.1839,53.91,53.91,53.91,0.0,0.0,243,0
BSI,7,moving_average_7,val,56.7663,74.2886,5.8397,8.2531,36.4,36.4,36.55,0.4,1.2,250,0
BSI,7,moving_average_7,test,74.6931,102.8152,10.091,10.8594,30.04,30.04,30.04,0.0,0.0,243,0
BSI,7,moving_average_30,val,68.274,92.9186,6.9304,9.9261,51.6,51.6,51.6,0.0,1.2,250,0
BSI,7,moving_average_30,test,109.9993,149.5215,15.0033,15.9924,40.74,40.74,40.74,0.0,0.0,243,0
BSI,7,damped_drift,val,49.9155,65.3518,5.1195,7.2571,55.2,55.2,55.2,0.0,1.2,250,0
BSI,7,damped_drift,test,62.9463,88.2109,8.3275,9.1516,52.26,52.26,52.48,0.41,0.0,243,0
BSI,7,ridge,val,36.0202,48.1423,3.7124,5.2369,71.2,71.2,71.2,0.0,1.2,250,0
BSI,7,ridge,test,37.3065,48.9682,4.8603,5.4239,78.6,78.6,78.6,0.0,0.0,243,0
BSI,7,lightgbm,val,55.9656,69.871,5.6618,8.1367,54.8,54.8,54.8,0.0,1.2,250,0
BSI,7,lightgbm,test,53.4916,69.1909,6.9423,7.777,60.91,60.91,60.91,0.0,0.0,243,0
BSI,7,arima_111,val,38.5184,51.1902,3.9538,5.6001,67.2,67.2,67.2,0.0,1.2,250,0
BSI,7,arima_111,test,39.1327,53.5194,5.1019,5.6894,74.07,74.07,74.07,0.0,0.0,243,0
BSI,14,naive_persistence,val,69.596,92.1399,7.14,10.1183,0.4,0.4,,100.0,0.4,250,0
BSI,14,naive_persistence,test,100.0466,136.8882,13.6372,14.5455,0.42,0.42,,100.0,0.42,236,0
BSI,14,seasonal_naive,val,219.092,246.4286,21.6446,31.8531,46.4,46.4,46.77,0.8,0.4,250,0
BSI,14,seasonal_naive,test,198.5466,231.8572,26.4901,28.866,59.75,59.75,59.75,0.0,0.42,236,0
BSI,14,moving_average_7,val,73.4377,97.652,7.5218,10.6769,46.0,46.0,46.18,0.4,0.4,250,0
BSI,14,moving_average_7,test,112.3777,153.5637,15.3924,16.3382,35.59,35.59,35.59,0.0,0.42,236,0
BSI,14,moving_average_30,val,82.1332,108.13,8.3087,11.9411,56.8,56.8,56.8,0.0,0.4,250,0
BSI,14,moving_average_30,test,129.434,174.1903,17.6633,18.818,47.46,47.46,47.46,0.0,0.42,236,0
BSI,14,damped_drift,val,79.4451,105.3947,8.1305,11.5503,50.4,50.4,50.4,0.0,0.4,250,0
BSI,14,damped_drift,test,117.923,163.2018,15.7638,17.1444,48.73,48.73,48.94,0.42,0.42,236,0
BSI,14,ridge,val,67.4367,83.9394,6.8935,9.8044,68.4,68.4,68.4,0.0,0.4,250,0
BSI,14,ridge,test,77.649,112.2074,10.8673,11.2891,75.85,75.85,75.85,0.0,0.42,236,0
BSI,14,lightgbm,val,95.9889,118.7604,9.8122,13.9555,49.6,49.6,49.6,0.0,0.4,250,0
BSI,14,lightgbm,test,83.4119,114.9969,11.3597,12.127,66.95,66.95,66.95,0.0,0.42,236,0
BSI,14,arima_111,val,75.5524,98.8696,7.727,10.9843,56.4,56.4,56.4,0.0,0.4,250,0
BSI,14,arima_111,test,85.2569,118.6786,11.3953,12.3952,66.53,66.53,66.53,0.0,0.42,236,0
BSI,28,naive_persistence,val,93.008,120.1673,9.202,13.5221,0.0,0.0,,100.0,0.0,250,0
BSI,28,naive_persistence,test,148.5495,202.0812,20.652,21.5971,0.45,0.45,,100.0,0.45,222,0
BSI,28,seasonal_naive,val,225.828,251.939,22.0238,32.8324,54.0,54.0,54.0,0.0,0.0,250,0
BSI,28,seasonal_naive,test,194.3694,229.6074,26.6649,28.2587,66.22,66.22,66.22,0.0,0.45,222,0
BSI,28,moving_average_7,val,97.2097,123.9325,9.6071,14.133,47.2,47.2,47.39,0.4,0.0,250,0
BSI,28,moving_average_7,test,151.3912,204.9357,20.9322,22.0103,52.25,52.25,52.25,0.0,0.45,222,0
BSI,28,moving_average_30,val,102.0524,128.3106,10.1058,14.8371,68.0,68.0,68.0,0.0,0.0,250,0
BSI,28,moving_average_30,test,158.9441,201.8991,21.8134,23.1084,54.05,54.05,54.05,0.0,0.45,222,0
BSI,28,damped_drift,val,119.3054,145.4119,11.8778,17.3454,34.8,34.8,34.8,0.0,0.0,250,0
BSI,28,damped_drift,test,182.185,246.3554,24.6208,26.4873,49.55,49.55,49.77,0.45,0.45,222,0
BSI,28,ridge,val,71.2202,86.7548,7.2398,10.3545,68.8,68.8,68.8,0.0,0.0,250,0
BSI,28,ridge,test,130.9231,176.7423,18.7727,19.0345,75.23,75.23,75.23,0.0,0.45,222,0
BSI,28,lightgbm,val,182.5741,224.632,18.6595,26.5439,46.8,46.8,46.8,0.0,0.0,250,0
BSI,28,lightgbm,test,133.8992,177.9669,18.3976,19.4672,62.16,62.16,62.16,0.0,0.45,222,0
BSI,28,arima_111,val,102.4792,131.728,10.2469,14.8991,53.2,53.2,53.2,0.0,0.0,250,0
BSI,28,arima_111,test,156.6703,213.279,21.8259,22.7778,52.7,52.7,52.7,0.0,0.45,222,0
BSI,60,naive_persistence,val,102.588,130.3522,9.9722,14.9149,0.4,0.4,,100.0,0.4,250,0
BSI,60,naive_persistence,test,204.4684,256.9868,29.5527,29.727,0.0,0.0,,100.0,0.0,190,0
BSI,60,seasonal_naive,val,200.288,225.1594,19.3254,29.1192,50.8,50.8,50.8,0.0,0.4,250,0
BSI,60,seasonal_naive,test,201.7526,239.0622,29.0032,29.3322,70.0,70.0,70.0,0.0,0.0,190,0
BSI,60,moving_average_7,val,107.464,131.8045,10.5308,15.6238,47.2,47.2,47.39,0.4,0.4,250,0
BSI,60,moving_average_7,test,207.8316,264.5425,30.3031,30.216,54.21,54.21,54.21,0.0,0.0,190,0
BSI,60,moving_average_30,val,113.3436,132.4236,11.1499,16.4787,56.8,56.8,56.8,0.0,0.4,250,0
BSI,60,moving_average_30,test,203.6391,273.5037,30.7551,29.6064,62.63,62.63,62.63,0.0,0.0,190,0
BSI,60,damped_drift,val,138.9975,170.4771,13.6402,20.2084,42.4,42.4,42.4,0.0,0.4,250,0
BSI,60,damped_drift,test,254.0639,308.4602,35.0258,36.9375,31.05,31.05,31.22,0.53,0.0,190,0
BSI,60,ridge,val,53.3705,65.0477,5.3135,7.7594,87.6,87.6,87.6,0.0,0.4,250,0
BSI,60,ridge,test,212.8415,241.8511,29.6233,30.9443,58.42,58.42,58.42,0.0,0.0,190,0
BSI,60,lightgbm,val,137.1451,153.6587,13.2555,19.9391,58.4,58.4,58.4,0.0,0.4,250,0
BSI,60,lightgbm,test,207.9759,251.5253,28.7612,30.2369,58.42,58.42,58.42,0.0,0.0,190,0
BSI,60,arima_111,val,114.1751,148.2052,11.1072,16.5996,54.8,54.8,54.8,0.0,0.4,250,0
BSI,60,arima_111,test,219.9277,262.7953,30.9101,31.9746,47.89,47.89,47.89,0.0,0.0,190,0
BSI,90,naive_persistence,val,107.172,125.608,10.4846,15.5814,0.8,0.8,,100.0,0.8,250,0
BSI,90,naive_persistence,test,267.1562,327.0391,40.8073,38.841,0.0,0.0,,100.0,0.0,160,0
BSI,90,seasonal_naive,val,185.38,213.0,17.8481,26.9518,46.4,46.4,46.4,0.0,0.8,250,0
BSI,90,seasonal_naive,test,231.0687,259.1255,33.5726,33.5943,70.0,70.0,70.0,0.0,0.0,160,0
BSI,90,moving_average_7,val,105.5314,121.4429,10.336,15.3429,48.4,48.4,48.59,0.4,0.8,250,0
BSI,90,moving_average_7,test,272.2259,329.0565,41.2645,39.578,48.12,48.12,48.12,0.0,0.0,160,0
BSI,90,moving_average_30,val,96.4767,109.6562,9.4021,14.0264,61.6,61.6,61.6,0.0,0.8,250,0
BSI,90,moving_average_30,test,284.4256,332.1865,42.0068,41.3517,55.0,55.0,55.0,0.0,0.0,160,0
BSI,90,damped_drift,val,146.4253,175.5604,14.4938,21.2883,42.0,42.0,42.0,0.0,0.8,250,0
BSI,90,damped_drift,test,288.5081,383.9067,44.8654,41.9453,47.5,47.5,47.8,0.62,0.0,160,0
BSI,90,ridge,val,81.2336,113.2982,7.928,11.8103,74.0,74.0,74.0,0.0,0.8,250,0
BSI,90,ridge,test,262.929,292.9902,37.9933,38.2264,43.75,43.75,43.75,0.0,0.0,160,0
BSI,90,lightgbm,val,134.7599,166.1795,13.3717,19.5923,54.8,54.8,54.8,0.0,0.8,250,0
BSI,90,lightgbm,test,211.3927,256.5575,31.7479,30.7337,63.75,63.75,63.75,0.0,0.0,160,0
BSI,90,arima_111,val,127.8823,156.5357,12.5358,18.5924,50.4,50.4,50.4,0.0,0.8,250,0
BSI,90,arima_111,test,278.5196,346.607,42.7948,40.4931,46.25,46.25,46.25,0.0,0.0,160,0
BSI,180,naive_persistence,val,219.368,259.5479,27.7173,31.8932,0.0,0.0,,100.0,0.0,250,0
BSI,180,naive_persistence,test,314.6857,336.0747,40.5863,45.7511,0.0,0.0,,100.0,0.0,70,0
BSI,180,seasonal_naive,val,216.152,245.7845,25.3544,31.4256,62.8,62.8,63.05,0.4,0.0,250,0
BSI,180,seasonal_naive,test,240.8571,264.2326,31.4259,35.0174,84.29,84.29,84.29,0.0,0.0,70,0
BSI,180,moving_average_7,val,219.1354,258.5024,27.6414,31.8594,56.8,56.8,57.03,0.4,0.0,250,0
BSI,180,moving_average_7,test,314.5224,331.2322,40.3646,45.7274,60.0,60.0,60.0,0.0,0.0,70,0
BSI,180,moving_average_30,val,213.9823,257.5406,27.0427,31.1102,60.0,60.0,60.0,0.0,0.0,250,0
BSI,180,moving_average_30,test,294.6038,303.0071,37.4834,42.8315,80.0,80.0,80.0,0.0,0.0,70,0
BSI,180,damped_drift,val,248.9666,281.692,30.6073,36.1965,40.4,40.4,40.4,0.0,0.0,250,0
BSI,180,damped_drift,test,353.2521,384.9882,45.7118,51.3582,24.29,24.29,24.64,1.43,0.0,70,0
BSI,180,ridge,val,139.7944,185.2442,17.6861,20.3243,70.0,70.0,70.0,0.0,0.0,250,0
BSI,180,ridge,test,56.3812,77.8992,6.4989,8.1971,100.0,100.0,100.0,0.0,0.0,70,0
BSI,180,lightgbm,val,251.5281,268.6645,28.6938,36.5689,51.2,51.2,51.2,0.0,0.0,250,0
BSI,180,lightgbm,test,81.3321,100.9212,9.5296,11.8246,100.0,100.0,100.0,0.0,0.0,70,0
BSI,180,arima_111,val,242.4952,282.2725,30.2447,35.2556,41.6,41.6,41.6,0.0,0.0,250,0
BSI,180,arima_111,test,338.7259,370.1543,43.9808,49.2463,24.29,24.29,24.29,0.0,0.0,70,0
BHSI,7,naive_persistence,val,19.532,25.5359,3.3201,5.7681,3.2,3.2,,100.0,3.2,250,0
BHSI,7,naive_persistence,test,25.7243,34.8675,5.88,7.5968,1.65,1.65,,100.0,1.65,243,0
BHSI,7,seasonal_naive,val,118.224,131.6818,19.87,34.9133,53.6,53.6,53.6,0.0,3.2,250,0
BHSI,7,seasonal_naive,test,111.8272,138.2768,27.2793,33.0242,58.44,58.44,58.68,0.41,1.65,243,0
BHSI,7,moving_average_7,val,26.2954,33.6208,4.4657,7.7654,28.0,28.0,28.11,0.4,3.2,250,0
BHSI,7,moving_average_7,test,35.3851,47.4891,8.1416,10.4497,14.81,14.81,14.46,0.41,1.65,243,0
BHSI,7,moving_average_30,val,41.6827,52.896,6.9733,12.3095,39.2,39.2,39.2,0.0,3.2,250,0
BHSI,7,moving_average_30,test,59.2108,79.7086,13.8017,17.4858,26.75,26.75,26.75,0.0,1.65,243,0
BHSI,7,damped_drift,val,21.4846,27.4169,3.6387,6.3447,48.0,48.0,48.0,0.0,3.2,250,0
BHSI,7,damped_drift,test,26.6043,37.0783,6.2322,7.8566,58.44,58.44,58.44,0.0,1.65,243,0
BHSI,7,ridge,val,13.2362,16.6705,2.2574,3.9088,76.4,76.4,76.4,0.0,3.2,250,0
BHSI,7,ridge,test,14.0721,18.9042,3.2257,4.1557,92.18,92.18,92.18,0.0,1.65,243,0
BHSI,7,lightgbm,val,25.1874,30.2269,4.2283,7.4382,61.2,61.2,61.2,0.0,3.2,250,0
BHSI,7,lightgbm,test,21.1879,28.8479,5.0021,6.2571,85.6,85.6,85.6,0.0,1.65,243,0
BHSI,7,arima_111,val,14.0233,18.8308,2.3813,4.1413,74.0,74.0,74.0,0.0,3.2,250,0
BHSI,7,arima_111,test,14.7263,20.725,3.4043,4.3489,84.36,84.36,84.36,0.0,1.65,243,0
BHSI,14,naive_persistence,val,34.324,43.8505,5.7803,10.1364,1.2,1.2,,100.0,1.2,250,0
BHSI,14,naive_persistence,test,49.0212,64.9556,11.3848,14.4767,0.85,0.85,,100.0,0.85,236,0
BHSI,14,seasonal_naive,val,118.576,131.8705,19.8778,35.0172,58.8,58.8,58.8,0.0,1.2,250,0
BHSI,14,seasonal_naive,test,112.822,139.6631,27.661,33.318,67.8,67.8,68.09,0.42,0.85,236,0
BHSI,14,moving_average_7,val,39.4589,49.6932,6.6337,11.6528,36.0,36.0,36.14,0.4,1.2,250,0
BHSI,14,moving_average_7,test,56.6507,75.1737,13.2044,16.7298,21.19,21.19,21.28,0.42,0.85,236,0
BHSI,14,moving_average_30,val,50.6941,63.9548,8.4277,14.9707,41.2,41.2,41.2,0.0,1.2,250,0
BHSI,14,moving_average_30,test,72.6113,97.7828,17.0423,21.4432,34.32,34.32,34.32,0.0,0.85,236,0
BHSI,14,damped_drift,val,37.7507,49.4926,6.3445,11.1483,54.0,54.0,54.0,0.0,1.2,250,0
BHSI,14,damped_drift,test,54.7424,73.2143,12.7341,16.1662,51.27,51.27,51.27,0.0,0.85,236,0
BHSI,14,ridge,val,27.6299,34.9183,4.7006,8.1595,67.2,67.2,67.2,0.0,1.2,250,0
BHSI,14,ridge,test,31.356,45.9951,7.4535,9.2599,90.68,90.68,90.68,0.0,0.85,236,0
BHSI,14,lightgbm,val,39.7378,49.1112,6.6272,11.7352,60.0,60.0,60.0,0.0,1.2,250,0
BHSI,14,lightgbm,test,36.7396,53.756,9.1114,10.8497,85.17,85.17,85.17,0.0,0.85,236,0
BHSI,14,arima_111,val,30.5216,39.4432,5.1564,9.0135,66.0,66.0,66.0,0.0,1.2,250,0
BHSI,14,arima_111,test,35.3766,49.5758,8.185,10.4472,78.39,78.39,78.39,0.0,0.85,236,0
BHSI,28,naive_persistence,val,54.224,69.5611,8.9842,16.0131,0.8,0.8,,100.0,0.8,250,0
BHSI,28,naive_persistence,test,84.2072,109.3714,19.8461,24.8676,0.45,0.45,,100.0,0.45,222,0
BHSI,28,seasonal_naive,val,119.604,132.3633,19.975,35.3208,62.8,62.8,63.05,0.4,0.8,250,0
BHSI,28,seasonal_naive,test,115.1757,142.742,28.5517,34.0131,78.83,78.83,78.83,0.0,0.45,222,0
BHSI,28,moving_average_7,val,56.7394,73.0404,9.3854,16.756,44.0,44.0,44.18,0.4,0.8,250,0
BHSI,28,moving_average_7,test,88.4292,114.7688,20.8424,26.1144,32.88,32.88,33.03,0.45,0.45,222,0
BHSI,28,moving_average_30,val,62.5021,78.647,10.3537,18.4578,46.0,46.0,46.0,0.0,0.8,250,0
BHSI,28,moving_average_30,test,91.0661,123.2029,21.5494,26.8931,48.2,48.2,48.2,0.0,0.45,222,0
BHSI,28,damped_drift,val,64.27,82.5195,10.5781,18.9799,48.4,48.4,48.4,0.0,0.8,250,0
BHSI,28,damped_drift,test,104.6521,129.2828,24.2133,30.9053,38.74,38.74,38.74,0.0,0.45,222,0
BHSI,28,ridge,val,41.6228,48.9265,7.0379,12.2918,74.0,74.0,74.0,0.0,0.8,250,0
BHSI,28,ridge,test,54.802,87.7038,13.9298,16.1839,90.09,90.09,90.09,0.0,0.45,222,0
BHSI,28,lightgbm,val,72.7604,86.1556,11.9223,21.4872,47.2,47.2,47.2,0.0,0.8,250,0
BHSI,28,lightgbm,test,70.9865,91.4896,16.9801,20.9634,77.48,77.48,77.48,0.0,0.45,222,0
BHSI,28,arima_111,val,52.6473,68.5599,8.7642,15.5475,56.4,56.4,56.4,0.0,0.8,250,0
BHSI,28,arima_111,test,79.3611,104.4969,18.7788,23.4365,68.02,68.02,68.02,0.0,0.45,222,0
BHSI,60,naive_persistence,val,68.304,83.8108,11.3534,20.1712,0.0,0.0,,100.0,0.0,250,0
BHSI,60,naive_persistence,test,115.2105,152.821,28.2423,34.0234,0.53,0.53,,100.0,0.53,190,0
BHSI,60,seasonal_naive,val,98.72,112.8472,16.5895,29.1535,71.6,71.6,72.47,1.2,0.0,250,0
BHSI,60,seasonal_naive,test,130.0579,153.7166,32.6233,38.408,71.58,71.58,71.96,0.53,0.53,190,0
BHSI,60,moving_average_7,val,68.0423,84.4311,11.336,20.0939,56.8,56.8,57.03,0.4,0.0,250,0
BHSI,60,moving_average_7,test,117.6602,155.2279,28.8673,34.7468,45.79,45.79,46.03,0.53,0.53,190,0
BHSI,60,moving_average_30,val,65.6176,84.3154,10.9492,19.3778,61.6,61.6,61.6,0.0,0.0,250,0
BHSI,60,moving_average_30,test,125.6979,159.1613,30.9253,37.1204,58.95,58.95,58.95,0.0,0.53,190,0
BHSI,60,damped_drift,val,87.6123,106.0611,14.5926,25.8732,32.8,32.8,32.8,0.0,0.0,250,0
BHSI,60,damped_drift,test,149.124,181.2476,36.4113,44.0385,35.26,35.26,35.26,0.0,0.53,190,0
BHSI,60,ridge,val,29.4579,38.5955,4.8103,8.6994,87.6,87.6,87.6,0.0,0.0,250,0
BHSI,60,ridge,test,96.6473,119.6489,24.3981,28.5414,74.74,74.74,74.74,0.0,0.53,190,0
BHSI,60,lightgbm,val,56.0707,73.6288,9.3772,16.5585,69.2,69.2,69.2,0.0,0.0,250,0
BHSI,60,lightgbm,test,114.9193,146.6011,27.5854,33.9374,73.68,73.68,73.68,0.0,0.53,190,0
BHSI,60,arima_111,val,76.6231,91.9616,12.6797,22.6279,43.2,43.2,43.2,0.0,0.0,250,0
BHSI,60,arima_111,test,127.1291,158.9541,31.0398,37.5431,53.68,53.68,53.68,0.0,0.53,190,0
BHSI,90,naive_persistence,val,62.024,74.2662,10.4342,18.3166,0.8,0.8,,100.0,0.8,250,0
BHSI,90,naive_persistence,test,160.9375,185.5356,40.9816,47.5272,0.0,0.0,,100.0,0.0,160,0
BHSI,90,seasonal_naive,val,78.304,91.8446,13.4583,23.1243,72.4,72.4,72.4,0.0,0.8,250,0
BHSI,90,seasonal_naive,test,152.8187,167.4523,38.4902,45.1296,75.62,75.62,78.06,3.12,0.0,160,0
BHSI,90,moving_average_7,val,59.9257,72.0027,10.0722,17.6969,61.2,61.2,61.45,0.4,0.8,250,0
BHSI,90,moving_average_7,test,163.7607,186.4841,41.5592,48.3609,41.88,41.88,42.14,0.62,0.0,160,0
BHSI,90,moving_average_30,val,48.9469,62.1533,8.1219,14.4547,73.2,73.2,73.2,0.0,0.8,250,0
BHSI,90,moving_average_30,test,164.144,184.5879,41.4034,48.4741,56.88,56.88,56.88,0.0,0.0,160,0
BHSI,90,damped_drift,val,90.4613,106.8426,15.4149,26.7145,26.0,26.0,26.0,0.0,0.8,250,0
BHSI,90,damped_drift,test,190.9762,221.4322,48.2978,56.3981,34.38,34.38,34.38,0.0,0.0,160,0
BHSI,90,ridge,val,36.4961,47.433,5.9931,10.7778,85.2,85.2,85.2,0.0,0.8,250,0
BHSI,90,ridge,test,139.45,158.6933,35.2488,41.1816,66.88,66.88,66.88,0.0,0.0,160,0
BHSI,90,lightgbm,val,65.4896,75.9413,10.8473,19.34,65.2,65.2,65.2,0.0,0.8,250,0
BHSI,90,lightgbm,test,166.4686,196.0659,42.7195,49.1606,60.0,60.0,60.0,0.0,0.0,160,0
BHSI,90,arima_111,val,75.4753,91.5872,12.799,22.289,42.0,42.0,42.0,0.0,0.8,250,0
BHSI,90,arima_111,test,164.2601,197.4702,42.2017,48.5084,56.88,56.88,56.88,0.0,0.0,160,0
BHSI,180,naive_persistence,val,105.268,125.3428,22.832,31.0872,0.0,0.0,,100.0,0.0,250,0
BHSI,180,naive_persistence,test,176.9,177.8187,41.5994,52.2412,0.0,0.0,,100.0,0.0,70,0
BHSI,180,seasonal_naive,val,94.648,119.4222,21.0217,27.9509,79.2,79.2,79.84,0.8,0.0,250,0
BHSI,180,seasonal_naive,test,153.5143,163.7129,37.4529,45.335,55.71,55.71,55.71,0.0,0.0,70,0
BHSI,180,moving_average_7,val,106.9949,126.4165,23.1818,31.5972,45.2,45.2,45.38,0.4,0.0,250,0
BHSI,180,moving_average_7,test,172.1122,172.653,40.4645,50.8273,77.14,77.14,78.26,1.43,0.0,70,0
BHSI,180,moving_average_30,val,108.8328,129.8809,23.8492,32.1399,50.0,50.0,50.0,0.0,0.0,250,0
BHSI,180,moving_average_30,test,155.1762,155.5864,36.7748,45.8258,75.71,75.71,75.71,0.0,0.0,70,0
BHSI,180,damped_drift,val,122.2097,137.2816,25.0923,36.0903,45.2,45.2,45.2,0.0,0.0,250,0
BHSI,180,damped_drift,test,201.0276,206.7755,46.7368,59.3664,30.0,30.0,30.0,0.0,0.0,70,0
BHSI,180,ridge,val,58.8521,74.772,12.3016,17.3799,82.0,82.0,82.0,0.0,0.0,250,0
BHSI,180,ridge,test,14.4753,17.2374,3.443,4.2748,100.0,100.0,100.0,0.0,0.0,70,0
BHSI,180,lightgbm,val,106.8523,120.8186,19.2004,31.5551,76.0,76.0,76.0,0.0,0.0,250,0
BHSI,180,lightgbm,test,47.0173,54.9446,10.8488,13.8849,100.0,100.0,100.0,0.0,0.0,70,0
BHSI,180,arima_111,val,116.8046,136.3704,24.8845,34.4941,44.8,44.8,44.8,0.0,0.0,250,0
BHSI,180,arima_111,test,205.1187,208.8512,48.2094,60.5746,14.29,14.29,14.29,0.0,0.0,70,0
