target,horizon,model,mae,rmse,mape,mase,directional_accuracy,n,skill_vs_naive_pct,bootstrap_p
BPI,7,naive_flat,107.3878,145.0665,10.3514,5.9049,0.0,985,0.0,
BPI,7,drift_mean,107.4176,144.9692,10.3556,5.9065,50.87,985,-0.03,0.5555
BPI,7,damped_momentum,107.1204,145.7381,10.323,5.8901,55.15,985,0.25,0.282
BPI,7,ridge,94.0436,126.27,8.8277,5.1711,66.67,985,12.43,0.0
BPI,7,lightgbm,93.1332,125.1868,8.7754,5.121,66.67,985,13.27,0.0
BPI,7,ensemble,93.1685,122.2703,8.7346,5.123,65.65,985,13.24,0.0
BPI,14,naive_flat,163.6554,220.4953,16.221,8.9988,0.0,978,0.0,
BPI,14,drift_mean,163.3918,220.1715,16.1791,8.9843,50.2,978,0.16,0.4495
BPI,14,damped_momentum,164.5907,220.5986,16.3617,9.0502,48.77,978,-0.57,0.8595
BPI,14,ridge,160.93,209.6332,15.6391,8.8489,55.84,978,1.67,0.339
BPI,14,lightgbm,169.1276,223.846,16.359,9.2997,55.53,978,-3.34,0.9145
BPI,14,ensemble,158.1955,207.1352,15.0303,8.6986,57.38,978,3.34,0.207
BPI,28,naive_flat,220.8029,290.9165,23.0394,12.1411,0.0,964,0.0,
BPI,28,drift_mean,219.8312,290.6191,22.8819,12.0877,51.87,964,0.44,0.429
BPI,28,damped_momentum,221.0027,288.4972,23.1544,12.1521,48.44,964,-0.09,0.4915
BPI,28,ridge,207.5448,277.2726,21.059,11.4121,50.62,964,6.0,0.1965
BPI,28,lightgbm,221.0824,298.03,22.1311,12.1565,54.46,964,-0.13,0.427
BPI,28,ensemble,197.9707,264.2517,19.2884,10.8857,57.26,964,10.34,0.0405
BPI,60,naive_flat,274.6609,355.6651,29.894,15.1026,0.0,932,0.0,
BPI,60,drift_mean,281.8264,359.7329,30.3254,15.4966,39.7,932,-2.61,0.9425
BPI,60,damped_momentum,273.5936,354.8617,30.1103,15.0439,50.64,932,0.39,0.189
BPI,60,ridge,254.071,332.4866,26.0616,13.9704,56.76,932,7.5,0.1165
BPI,60,lightgbm,256.289,332.5597,26.7655,14.0924,55.79,932,6.69,0.09
BPI,60,ensemble,230.3321,298.0588,24.0011,12.6651,64.7,932,16.14,0.0075
BPI,90,naive_flat,300.0155,396.2021,33.3509,16.4967,0.0,902,0.0,
BPI,90,drift_mean,319.0947,410.4616,34.524,17.5458,38.73,902,-6.36,0.992
BPI,90,damped_momentum,300.7221,398.7507,33.8232,16.5356,54.94,902,-0.24,0.438
BPI,90,ridge,290.2612,373.3284,30.0619,15.9604,56.38,902,3.25,0.597
BPI,90,lightgbm,277.2637,362.4694,29.1945,15.2457,56.16,902,7.58,0.371
BPI,90,ensemble,236.8647,314.9976,23.7395,13.0243,67.04,902,21.05,0.0655
BPI,180,naive_flat,328.484,396.3429,30.0803,18.0621,0.0,812,0.0,
BPI,180,drift_mean,375.7767,453.1823,34.0789,20.6625,18.72,812,-14.4,1.0
BPI,180,damped_momentum,322.9203,403.0258,29.912,17.7562,58.99,812,1.69,0.2635
BPI,180,ridge,377.5174,452.523,33.2602,20.7583,39.53,812,-14.93,0.9995
BPI,180,lightgbm,338.8727,422.4271,30.4068,18.6333,33.74,812,-3.16,0.956
BPI,180,ensemble,308.4172,392.5548,27.3536,16.9587,60.96,812,6.11,0.3935
BCI,7,naive_flat,304.5817,407.1162,22.9225,4.245,0.0,985,0.0,
BCI,7,drift_mean,304.4554,406.7128,22.8662,4.2432,52.85,985,0.04,0.4945
BCI,7,damped_momentum,304.6259,407.8672,22.8768,4.2456,56.71,985,-0.01,0.4945
BCI,7,ridge,289.9704,385.8972,21.23,4.0413,63.21,985,4.8,0.102
BCI,7,lightgbm,290.0818,385.0847,22.0151,4.0429,62.4,985,4.76,0.0775
BCI,7,ensemble,277.9371,375.5493,21.0634,3.8736,63.82,985,8.75,0.004
BCI,14,naive_flat,482.0194,623.7879,35.8991,6.7179,0.0,978,0.0,
BCI,14,drift_mean,480.7241,623.3515,35.6072,6.6998,56.25,978,0.27,0.374
BCI,14,damped_momentum,484.4178,624.9296,36.6594,6.7513,49.49,978,-0.5,0.5565
BCI,14,ridge,451.3451,593.4636,33.6581,6.2904,61.78,978,6.36,0.1215
BCI,14,lightgbm,459.1526,595.2696,34.4287,6.3992,60.55,978,4.74,0.142
BCI,14,ensemble,419.1022,552.9774,31.4997,5.841,64.55,978,13.05,0.0025
BCI,28,naive_flat,698.1649,877.8439,57.4336,9.7303,0.0,964,0.0,
BCI,28,drift_mean,697.0386,876.7272,56.3219,9.7146,57.16,964,0.16,0.328
BCI,28,damped_momentum,720.8082,884.111,64.0177,10.0459,50.52,964,-3.24,0.8295
BCI,28,ridge,635.2813,813.9005,50.2724,8.8539,64.0,964,9.01,0.067
BCI,28,lightgbm,608.0075,786.8753,50.1811,8.4738,61.62,964,12.91,0.018
BCI,28,ensemble,546.1436,712.8602,43.2647,7.6116,68.26,964,21.77,0.0
BCI,60,naive_flat,1009.0751,1215.5795,107.4562,14.0635,0.0,932,0.0,
BCI,60,drift_mean,1004.2126,1206.0653,102.6143,13.9957,44.31,932,0.48,0.5215
BCI,60,damped_momentum,1001.1977,1210.6167,106.4168,13.9537,62.45,932,0.78,0.1395
BCI,60,ridge,726.3222,968.8165,61.2982,10.1227,68.99,932,28.02,0.0005
BCI,60,lightgbm,811.9866,1032.6049,69.6075,11.3166,71.67,932,19.53,0.009
BCI,60,ensemble,690.6974,917.6055,59.4302,9.6262,73.61,932,31.55,0.0
BCI,90,naive_flat,1051.9601,1306.0003,116.6002,14.6612,0.0,902,0.0,
BCI,90,drift_mean,1049.1433,1291.313,108.3924,14.6219,48.56,902,0.27,0.6095
BCI,90,damped_momentum,998.4213,1242.3495,119.6809,13.915,67.96,902,5.09,0.052
BCI,90,ridge,750.4185,970.8866,79.2973,10.4586,68.96,902,28.66,0.001
BCI,90,lightgbm,861.3718,1125.2055,87.6538,12.0049,63.3,902,18.12,0.0255
BCI,90,ensemble,661.4881,913.2685,62.6499,9.2192,77.16,902,37.12,0.0
BCI,180,naive_flat,920.4741,1173.4453,91.1137,12.8286,0.0,812,0.0,
BCI,180,drift_mean,946.8706,1207.125,88.9018,13.1965,43.1,812,-2.87,0.977
BCI,180,damped_momentum,929.2354,1152.261,85.4514,12.9507,57.27,812,-0.95,0.582
BCI,180,ridge,686.9178,889.1006,60.2114,9.5736,74.38,812,25.37,0.0405
BCI,180,lightgbm,811.2222,1004.8546,69.3993,11.306,69.33,812,11.87,0.406
BCI,180,ensemble,640.1235,824.981,54.4653,8.9214,75.12,812,30.46,0.0005
BSI,7,naive_flat,45.2437,60.4361,6.2903,5.5226,0.0,985,0.0,
BSI,7,drift_mean,45.3295,60.5313,6.2996,5.5331,49.95,985,-0.19,0.6505
BSI,7,damped_momentum,43.7955,60.3042,5.999,5.3459,59.43,985,3.2,0.114
BSI,7,ridge,34.8988,46.5912,4.6512,4.2599,72.78,985,22.86,0.0
BSI,7,lightgbm,33.868,45.7883,4.657,4.1341,72.07,985,25.14,0.0
BSI,7,ensemble,31.9592,43.7814,4.3128,3.9011,75.74,985,29.36,0.0
BSI,14,naive_flat,76.1881,101.7577,10.8206,9.2999,0.0,978,0.0,
BSI,14,drift_mean,76.4576,101.9351,10.846,9.3328,51.03,978,-0.35,0.7335
BSI,14,damped_momentum,75.8028,103.0915,10.6137,9.2528,54.52,978,0.51,0.427
BSI,14,ridge,68.731,91.7277,9.4334,8.3896,63.35,978,9.79,0.054
BSI,14,lightgbm,69.1819,91.0719,9.6848,8.4447,65.3,978,9.2,0.007
BSI,14,ensemble,64.9405,86.5586,8.9895,7.9269,65.09,978,14.76,0.0
BSI,28,naive_flat,114.6255,149.3658,16.6308,13.9917,0.0,964,0.0,
BSI,28,drift_mean,116.4255,149.9008,16.8529,14.2114,46.42,964,-1.57,0.9345
BSI,28,damped_momentum,114.5891,149.9351,16.6264,13.9873,54.93,964,0.03,0.4915
BSI,28,ridge,94.537,120.8523,13.627,11.5396,69.78,964,17.53,0.004
BSI,28,lightgbm,109.3231,139.2022,15.6778,13.3445,60.12,964,4.63,0.2255
BSI,28,ensemble,92.1456,120.1282,13.0052,11.2477,67.91,964,19.61,0.0
BSI,60,naive_flat,152.4356,192.6464,23.144,18.607,0.0,932,0.0,
BSI,60,drift_mean,158.1786,195.7772,23.6793,19.308,47.69,932,-3.77,0.938
BSI,60,damped_momentum,152.1072,192.7191,23.215,18.5669,52.74,932,0.22,0.42
BSI,60,ridge,137.403,170.2204,20.1556,16.772,61.44,932,9.86,0.194
BSI,60,lightgbm,156.0233,187.5172,23.0634,19.0449,52.42,932,-2.35,0.883
BSI,60,ensemble,122.1133,150.9064,17.9148,14.9057,75.83,932,19.89,0.0095
BSI,90,naive_flat,172.5222,223.3934,27.1275,21.0588,0.0,902,0.0,
BSI,90,drift_mean,187.7656,232.2488,28.4526,22.9195,40.53,902,-8.84,0.992
BSI,90,damped_momentum,172.7829,224.1071,27.4264,21.0907,51.0,902,-0.15,0.286
BSI,90,ridge,161.8207,199.8088,23.3387,19.7526,61.36,902,6.2,0.4715
BSI,90,lightgbm,166.5999,205.538,24.2269,20.3359,56.9,902,3.43,0.517
BSI,90,ensemble,136.1888,171.4584,20.4051,16.6238,65.37,902,21.06,0.0195
BSI,180,naive_flat,215.415,257.307,27.1264,26.2945,0.0,812,0.0,
BSI,180,drift_mean,256.9212,296.3775,31.6711,31.361,34.61,812,-19.27,0.9995
BSI,180,damped_momentum,212.7324,257.1434,26.7232,25.9671,55.91,812,1.25,0.4165
BSI,180,ridge,194.364,240.3289,24.2931,23.725,57.88,812,9.77,0.505
BSI,180,lightgbm,203.3802,241.3671,25.0558,24.8255,57.27,812,5.59,0.616
BSI,180,ensemble,161.3751,206.261,20.0467,19.6982,68.6,812,25.09,0.033
BHSI,7,naive_flat,22.5736,29.4204,5.2008,6.2788,0.0,985,0.0,
BHSI,7,drift_mean,22.678,29.5217,5.2182,6.3079,47.58,985,-0.46,0.816
BHSI,7,damped_momentum,20.3598,27.9202,4.6884,5.6631,66.22,985,9.81,0.0
BHSI,7,ridge,14.1311,19.2932,3.2316,3.9305,86.51,985,37.4,0.0
BHSI,7,lightgbm,14.5498,20.1444,3.3054,4.047,82.8,985,35.54,0.0
BHSI,7,ensemble,13.6582,19.0911,3.1081,3.799,85.17,985,39.49,0.0
BHSI,14,naive_flat,40.6319,52.0689,9.4217,11.3017,0.0,978,0.0,
BHSI,14,drift_mean,40.832,52.2369,9.4426,11.3574,48.3,978,-0.49,0.7255
BHSI,14,damped_momentum,39.2677,51.498,9.0881,10.9223,61.09,978,3.36,0.071
BHSI,14,ridge,30.9543,42.0984,7.089,8.6099,77.09,978,23.82,0.0
BHSI,14,lightgbm,31.64,42.8134,7.1833,8.8006,76.16,978,22.13,0.0
BHSI,14,ensemble,29.487,41.4456,6.6917,8.2018,76.26,978,27.43,0.0
BHSI,28,naive_flat,65.7251,84.2271,15.427,18.2814,0.0,964,0.0,
BHSI,28,drift_mean,66.2353,84.5724,15.4736,18.4233,46.72,964,-0.78,0.8185
BHSI,28,damped_momentum,66.2609,84.954,15.6115,18.4304,42.44,964,-0.82,0.9125
BHSI,28,ridge,56.49,74.655,13.2367,15.7127,65.38,964,14.05,0.0075
BHSI,28,lightgbm,60.4733,78.344,14.0488,16.8206,63.82,964,7.99,0.0305
BHSI,28,ensemble,50.4448,66.4049,11.5226,14.0312,71.64,964,23.25,0.0
BHSI,60,naive_flat,87.574,109.0994,21.073,24.3587,0.0,932,0.0,
BHSI,60,drift_mean,90.0868,111.0867,21.401,25.0576,46.02,932,-2.87,0.901
BHSI,60,damped_momentum,87.0462,109.2589,20.9225,24.2119,54.09,932,0.6,0.311
BHSI,60,ridge,73.6778,91.3326,17.6179,20.4934,69.03,932,15.87,0.092
BHSI,60,lightgbm,86.4692,105.3448,20.2385,24.0514,56.88,932,1.26,0.4675
BHSI,60,ensemble,69.335,87.8804,16.1973,19.2855,72.69,932,20.83,0.001
BHSI,90,naive_flat,99.4601,123.2359,24.6454,27.6648,0.0,902,0.0,
BHSI,90,drift_mean,106.8954,128.7508,25.7317,29.7329,38.86,902,-7.48,0.995
BHSI,90,damped_momentum,99.1576,123.0149,24.7141,27.5806,58.24,902,0.3,0.275
BHSI,90,ridge,89.962,110.8984,21.2234,25.0229,63.47,902,9.55,0.3235
BHSI,90,lightgbm,93.6986,117.4222,21.7423,26.0622,55.57,902,5.79,0.5395
BHSI,90,ensemble,76.3482,94.6869,17.5922,21.2362,73.83,902,23.24,0.0145
BHSI,180,naive_flat,123.053,143.8626,25.6953,34.2271,0.0,812,0.0,
BHSI,180,drift_mean,143.7132,168.3648,29.5347,39.9737,37.98,812,-16.79,0.998
BHSI,180,damped_momentum,121.7581,143.6891,25.4209,33.8669,54.25,812,1.05,0.4915
BHSI,180,ridge,121.8537,148.0905,24.8974,33.8935,49.45,812,0.97,0.8085
BHSI,180,lightgbm,136.5111,159.5652,27.964,37.9705,31.07,812,-10.94,0.9995
BHSI,180,ensemble,105.6372,130.9395,21.4994,29.3829,64.0,812,14.15,0.1215
