target,horizon,raw_coverage_pct,calibrated_coverage_pct,target_coverage_pct,raw_mean_width,calibrated_mean_width,pinball,crossing_rate_pct,q_hat_logret,n
BPI,7,73.71,77.56,80.0,303.51,323.49,0.029528,0.1,0.00946,985
BPI,14,77.51,79.86,80.0,548.4,566.02,0.051112,0.1,0.00787,978
BPI,28,77.49,79.15,80.0,744.17,783.62,0.07295,1.04,0.02074,964
BPI,60,76.29,75.11,80.0,885.06,840.7,0.099318,0.54,-0.00361,932
BPI,90,69.29,74.5,80.0,935.54,926.56,0.116402,2.66,0.02177,902
BPI,180,59.36,80.67,80.0,915.3,1228.85,0.137552,4.56,0.21107,812
BCI,7,71.88,77.16,80.0,891.01,1006.12,0.07219,0.0,0.0428,985
BCI,14,70.25,73.31,80.0,1525.13,1674.14,0.112704,0.31,0.0482,978
BCI,28,62.34,68.88,80.0,1981.1,2380.58,0.167488,2.9,0.1184,964
BCI,60,54.18,68.99,80.0,2348.34,3064.84,0.207357,4.61,0.24352,932
BCI,90,55.88,69.73,80.0,3054.93,3560.93,0.21623,4.66,0.20119,902
BCI,180,60.59,73.89,80.0,2061.39,3048.81,0.220966,6.28,0.29599,812
BSI,7,65.69,74.11,80.0,98.85,115.7,0.01659,2.94,0.0124,985
BSI,14,68.0,74.85,80.0,206.43,226.31,0.032142,0.92,0.01654,978
BSI,28,67.12,71.78,80.0,333.85,359.98,0.051405,1.56,0.02249,964
BSI,60,74.68,73.93,80.0,480.77,507.23,0.071908,4.4,0.03417,932
BSI,90,67.41,78.16,80.0,447.35,530.29,0.082349,5.65,0.07718,902
BSI,180,56.65,73.15,80.0,460.84,662.16,0.111808,10.34,0.18635,812
BHSI,7,67.11,77.16,80.0,40.79,51.02,0.011674,1.12,0.01026,985
BHSI,14,69.12,79.45,80.0,91.98,110.19,0.023966,2.97,0.01893,978
BHSI,28,69.61,74.59,80.0,168.14,188.58,0.042794,2.49,0.02202,964
BHSI,60,76.07,76.61,80.0,259.02,271.73,0.066398,2.9,0.02436,932
BHSI,90,68.07,75.94,80.0,281.04,312.57,0.07495,4.21,0.048,902
BHSI,180,57.88,75.0,80.0,255.2,375.39,0.10829,2.96,0.1766,812
